ID,Count,Year,Month,Day,DateFull
0,2,2016,1,14,1/14/2016
1,1,2016,2,8,2/8/2016
2,4,2016,2,9,2/9/2016
3,5,2016,2,10,2/10/2016
4,5,2016,2,11,2/11/2016
5,1,2016,2,12,2/12/2016
6,1,2016,2,14,2/14/2016
7,8,2016,2,15,2/15/2016
8,4,2016,2,16,2/16/2016
9,3,2016,2,17,2/17/2016
10,6,2016,2,18,2/18/2016
11,5,2016,2,19,2/19/2016
12,1,2016,2,20,2/20/2016
13,7,2016,2,22,2/22/2016
14,2,2016,2,23,2/23/2016
15,4,2016,2,24,2/24/2016
16,1,2016,2,25,2/25/2016
17,3,2016,3,1,3/1/2016
18,6,2016,3,2,3/2/2016
19,3,2016,3,3,3/3/2016
20,4,2016,3,4,3/4/2016
21,1,2016,3,6,3/6/2016
22,6,2016,3,7,3/7/2016
23,5,2016,3,8,3/8/2016
24,3,2016,3,9,3/9/2016
25,3,2016,3,10,3/10/2016
26,3,2016,3,11,3/11/2016
27,1,2016,3,12,3/12/2016
28,5,2016,3,14,3/14/2016
29,3,2016,3,15,3/15/2016
30,2,2016,3,16,3/16/2016
31,3,2016,3,17,3/17/2016
32,2,2016,3,18,3/18/2016
33,1,2016,3,19,3/19/2016
34,2,2016,3,21,3/21/2016
35,7,2016,3,22,3/22/2016
36,45,2016,3,23,3/23/2016
37,42,2016,3,24,3/24/2016
38,23,2016,3,25,3/25/2016
39,13,2016,3,26,3/26/2016
40,19,2016,3,27,3/27/2016
41,40,2016,3,28,3/28/2016
42,46,2016,3,29,3/29/2016
43,51,2016,3,30,3/30/2016
44,36,2016,3,31,3/31/2016
45,59,2016,4,1,4/1/2016
46,16,2016,4,2,4/2/2016
47,19,2016,4,3,4/3/2016
48,46,2016,4,4,4/4/2016
49,58,2016,4,5,4/5/2016
50,56,2016,4,6,4/6/2016
51,89,2016,4,7,4/7/2016
52,45,2016,4,8,4/8/2016
53,25,2016,4,9,4/9/2016
54,17,2016,4,10,4/10/2016
55,63,2016,4,11,4/11/2016
56,63,2016,4,12,4/12/2016
57,50,2016,4,13,4/13/2016
58,50,2016,4,14,4/14/2016
59,4,2016,4,15,4/15/2016
60,12,2016,4,17,4/17/2016
61,48,2016,4,18,4/18/2016
62,45,2016,4,19,4/19/2016
63,52,2016,4,20,4/20/2016
64,53,2016,4,21,4/21/2016
65,56,2016,4,22,4/22/2016
66,1,2016,4,23,4/23/2016
67,10,2016,4,24,4/24/2016
68,46,2016,4,25,4/25/2016
69,61,2016,4,26,4/26/2016
70,47,2016,4,27,4/27/2016
71,45,2016,4,28,4/28/2016
72,50,2016,4,29,4/29/2016
73,10,2016,4,30,4/30/2016
74,5,2016,5,1,5/1/2016
75,39,2016,5,2,5/2/2016
76,36,2016,5,3,5/3/2016
77,44,2016,5,4,5/4/2016
78,53,2016,5,5,5/5/2016
79,4,2016,5,6,5/6/2016
80,3,2016,5,8,5/8/2016
81,39,2016,5,9,5/9/2016
82,51,2016,5,10,5/10/2016
83,58,2016,5,11,5/11/2016
84,55,2016,5,12,5/12/2016
85,3,2016,5,13,5/13/2016
86,38,2016,5,16,5/16/2016
87,59,2016,5,17,5/17/2016
88,61,2016,5,18,5/18/2016
89,54,2016,5,19,5/19/2016
90,72,2016,5,20,5/20/2016
91,18,2016,5,21,5/21/2016
92,20,2016,5,22,5/22/2016
93,50,2016,5,23,5/23/2016
94,70,2016,5,24,5/24/2016
95,69,2016,5,25,5/25/2016
96,75,2016,5,26,5/26/2016
97,63,2016,5,27,5/27/2016
98,25,2016,5,28,5/28/2016
99,23,2016,5,29,5/29/2016
100,34,2016,5,30,5/30/2016
101,64,2016,5,31,5/31/2016
102,53,2016,6,1,6/1/2016
103,56,2016,6,2,6/2/2016
104,56,2016,6,3,6/3/2016
105,18,2016,6,4,6/4/2016
106,14,2016,6,5,6/5/2016
107,62,2016,6,6,6/6/2016
108,56,2016,6,7,6/7/2016
109,50,2016,6,8,6/8/2016
110,51,2016,6,9,6/9/2016
111,50,2016,6,10,6/10/2016
112,20,2016,6,11,6/11/2016
113,23,2016,6,12,6/12/2016
114,53,2016,6,13,6/13/2016
115,58,2016,6,14,6/14/2016
116,37,2016,6,16,6/16/2016
117,62,2016,6,17,6/17/2016
118,15,2016,6,18,6/18/2016
119,10,2016,6,19,6/19/2016
120,33,2016,6,20,6/20/2016
121,95,2016,6,21,6/21/2016
122,149,2016,6,22,6/22/2016
123,136,2016,6,23,6/23/2016
124,174,2016,6,24,6/24/2016
125,32,2016,6,25,6/25/2016
126,42,2016,6,26,6/26/2016
127,134,2016,6,27,6/27/2016
128,135,2016,6,28,6/28/2016
129,137,2016,6,29,6/29/2016
130,130,2016,6,30,6/30/2016
131,64,2016,7,1,7/1/2016
132,22,2016,7,2,7/2/2016
133,37,2016,7,3,7/3/2016
134,86,2016,7,4,7/4/2016
135,162,2016,7,5,7/5/2016
136,148,2016,7,6,7/6/2016
137,141,2016,7,7,7/7/2016
138,143,2016,7,8,7/8/2016
139,32,2016,7,9,7/9/2016
140,33,2016,7,10,7/10/2016
141,130,2016,7,11,7/11/2016
142,109,2016,7,12,7/12/2016
143,126,2016,7,13,7/13/2016
144,129,2016,7,14,7/14/2016
145,101,2016,7,15,7/15/2016
146,32,2016,7,16,7/16/2016
147,4,2016,7,17,7/17/2016
148,96,2016,7,18,7/18/2016
149,138,2016,7,19,7/19/2016
150,143,2016,7,20,7/20/2016
151,136,2016,7,21,7/21/2016
152,148,2016,7,22,7/22/2016
153,36,2016,7,23,7/23/2016
154,37,2016,7,24,7/24/2016
155,129,2016,7,25,7/25/2016
156,162,2016,7,26,7/26/2016
157,136,2016,7,27,7/27/2016
158,154,2016,7,28,7/28/2016
159,146,2016,7,29,7/29/2016
160,49,2016,7,30,7/30/2016
161,46,2016,7,31,7/31/2016
162,144,2016,8,1,8/1/2016
163,137,2016,8,2,8/2/2016
164,67,2016,8,3,8/3/2016
165,125,2016,8,4,8/4/2016
166,165,2016,8,5,8/5/2016
167,33,2016,8,6,8/6/2016
168,41,2016,8,7,8/7/2016
169,129,2016,8,8,8/8/2016
170,159,2016,8,9,8/9/2016
171,147,2016,8,10,8/10/2016
172,146,2016,8,11,8/11/2016
173,160,2016,8,12,8/12/2016
174,39,2016,8,13,8/13/2016
175,46,2016,8,14,8/14/2016
176,153,2016,8,15,8/15/2016
177,141,2016,8,16,8/16/2016
178,122,2016,8,17,8/17/2016
179,128,2016,8,18,8/18/2016
180,140,2016,8,19,8/19/2016
181,41,2016,8,20,8/20/2016
182,43,2016,8,21,8/21/2016
183,114,2016,8,22,8/22/2016
184,155,2016,8,23,8/23/2016
185,159,2016,8,24,8/24/2016
186,124,2016,8,25,8/25/2016
187,132,2016,8,26,8/26/2016
188,45,2016,8,27,8/27/2016
189,49,2016,8,28,8/28/2016
190,161,2016,8,29,8/29/2016
191,157,2016,8,30,8/30/2016
192,164,2016,8,31,8/31/2016
193,183,2016,9,1,9/1/2016
194,139,2016,9,2,9/2/2016
195,42,2016,9,3,9/3/2016
196,28,2016,9,4,9/4/2016
197,81,2016,9,5,9/5/2016
198,197,2016,9,6,9/6/2016
199,143,2016,9,7,9/7/2016
200,159,2016,9,8,9/8/2016
201,186,2016,9,9,9/9/2016
202,54,2016,9,10,9/10/2016
203,42,2016,9,11,9/11/2016
204,167,2016,9,12,9/12/2016
205,160,2016,9,13,9/13/2016
206,148,2016,9,14,9/14/2016
207,171,2016,9,15,9/15/2016
208,139,2016,9,16,9/16/2016
209,34,2016,9,17,9/17/2016
210,39,2016,9,18,9/18/2016
211,119,2016,9,19,9/19/2016
212,126,2016,9,20,9/20/2016
213,105,2016,9,21,9/21/2016
214,96,2016,9,22,9/22/2016
215,161,2016,9,23,9/23/2016
216,44,2016,9,24,9/24/2016
217,27,2016,9,25,9/25/2016
218,178,2016,9,26,9/26/2016
219,164,2016,9,27,9/27/2016
220,158,2016,9,28,9/28/2016
221,158,2016,9,29,9/29/2016
222,155,2016,9,30,9/30/2016
223,44,2016,10,1,10/1/2016
224,38,2016,10,2,10/2/2016
225,170,2016,10,3,10/3/2016
226,166,2016,10,4,10/4/2016
227,166,2016,10,5,10/5/2016
228,112,2016,10,6,10/6/2016
229,185,2016,10,7,10/7/2016
230,44,2016,10,8,10/8/2016
231,3,2016,10,9,10/9/2016
232,69,2016,10,10,10/10/2016
233,180,2016,10,11,10/11/2016
234,143,2016,10,12,10/12/2016
235,160,2016,10,13,10/13/2016
236,181,2016,10,14,10/14/2016
237,48,2016,10,15,10/15/2016
238,52,2016,10,16,10/16/2016
239,178,2016,10,17,10/17/2016
240,163,2016,10,18,10/18/2016
241,181,2016,10,19,10/19/2016
242,169,2016,10,20,10/20/2016
243,151,2016,10,21,10/21/2016
244,51,2016,10,22,10/22/2016
245,54,2016,10,23,10/23/2016
246,166,2016,10,24,10/24/2016
247,166,2016,10,25,10/25/2016
248,174,2016,10,26,10/26/2016
249,160,2016,10,27,10/27/2016
250,5,2016,10,29,10/29/2016
251,36,2016,10,30,10/30/2016
252,155,2016,10,31,10/31/2016
253,169,2016,11,1,11/1/2016
254,175,2016,11,2,11/2/2016
255,182,2016,11,3,11/3/2016
256,172,2016,11,4,11/4/2016
257,45,2016,11,5,11/5/2016
258,42,2016,11,6,11/6/2016
259,178,2016,11,7,11/7/2016
260,196,2016,11,8,11/8/2016
261,182,2016,11,9,11/9/2016
262,182,2016,11,10,11/10/2016
263,156,2016,11,11,11/11/2016
264,45,2016,11,12,11/12/2016
265,47,2016,11,13,11/13/2016
266,173,2016,11,14,11/14/2016
267,171,2016,11,15,11/15/2016
268,210,2016,11,16,11/16/2016
269,197,2016,11,17,11/17/2016
270,189,2016,11,18,11/18/2016
271,37,2016,11,19,11/19/2016
272,60,2016,11,20,11/20/2016
273,209,2016,11,21,11/21/2016
274,207,2016,11,22,11/22/2016
275,200,2016,11,23,11/23/2016
276,70,2016,11,24,11/24/2016
277,94,2016,11,25,11/25/2016
278,48,2016,11,26,11/26/2016
279,54,2016,11,27,11/27/2016
280,175,2016,11,28,11/28/2016
281,210,2016,11,29,11/29/2016
282,206,2016,11,30,11/30/2016
283,147,2016,12,1,12/1/2016
284,173,2016,12,2,12/2/2016
285,37,2016,12,3,12/3/2016
286,51,2016,12,4,12/4/2016
287,177,2016,12,5,12/5/2016
288,182,2016,12,6,12/6/2016
289,175,2016,12,7,12/7/2016
290,163,2016,12,8,12/8/2016
291,151,2016,12,9,12/9/2016
292,47,2016,12,10,12/10/2016
293,43,2016,12,11,12/11/2016
294,179,2016,12,12,12/12/2016
295,164,2016,12,13,12/13/2016
296,201,2016,12,14,12/14/2016
297,168,2016,12,15,12/15/2016
298,225,2016,12,16,12/16/2016
299,58,2016,12,17,12/17/2016
300,46,2016,12,18,12/18/2016
301,172,2016,12,19,12/19/2016
302,168,2016,12,20,12/20/2016
303,177,2016,12,21,12/21/2016
304,173,2016,12,22,12/22/2016
305,155,2016,12,23,12/23/2016
306,30,2016,12,24,12/24/2016
307,29,2016,12,25,12/25/2016
308,24,2016,12,26,12/26/2016
309,86,2016,12,27,12/27/2016
310,121,2016,12,28,12/28/2016
311,125,2016,12,29,12/29/2016
312,142,2016,12,30,12/30/2016
313,39,2016,12,31,12/31/2016
314,4,2017,1,1,1/1/2017
315,70,2017,1,2,1/2/2017
316,132,2017,1,3,1/3/2017
317,79,2017,1,4,1/4/2017
318,154,2017,1,5,1/5/2017
319,179,2017,1,6,1/6/2017
320,43,2017,1,7,1/7/2017
321,47,2017,1,8,1/8/2017
322,162,2017,1,9,1/9/2017
323,176,2017,1,10,1/10/2017
324,178,2017,1,11,1/11/2017
325,164,2017,1,12,1/12/2017
326,164,2017,1,13,1/13/2017
327,40,2017,1,14,1/14/2017
328,36,2017,1,15,1/15/2017
329,131,2017,1,16,1/16/2017
330,177,2017,1,17,1/17/2017
331,145,2017,1,18,1/18/2017
332,191,2017,1,19,1/19/2017
333,154,2017,1,20,1/20/2017
334,42,2017,1,21,1/21/2017
335,43,2017,1,22,1/22/2017
336,136,2017,1,23,1/23/2017
337,151,2017,1,24,1/24/2017
338,123,2017,1,25,1/25/2017
339,141,2017,1,26,1/26/2017
340,144,2017,1,27,1/27/2017
341,28,2017,1,28,1/28/2017
342,50,2017,1,29,1/29/2017
343,142,2017,1,30,1/30/2017
344,160,2017,1,31,1/31/2017
345,172,2017,2,1,2/1/2017
346,155,2017,2,2,2/2/2017
347,169,2017,2,3,2/3/2017
348,40,2017,2,4,2/4/2017
349,45,2017,2,5,2/5/2017
350,150,2017,2,6,2/6/2017
351,160,2017,2,7,2/7/2017
352,175,2017,2,8,2/8/2017
353,182,2017,2,9,2/9/2017
354,140,2017,2,10,2/10/2017
355,59,2017,2,11,2/11/2017
356,52,2017,2,12,2/12/2017
357,134,2017,2,13,2/13/2017
358,158,2017,2,14,2/14/2017
359,136,2017,2,15,2/15/2017
360,130,2017,2,16,2/16/2017
361,145,2017,2,17,2/17/2017
362,37,2017,2,18,2/18/2017
363,42,2017,2,19,2/19/2017
364,143,2017,2,20,2/20/2017
365,107,2017,2,21,2/21/2017
366,144,2017,2,22,2/22/2017
367,130,2017,2,23,2/23/2017
368,174,2017,2,24,2/24/2017
369,41,2017,2,25,2/25/2017
370,50,2017,2,26,2/26/2017
371,137,2017,2,27,2/27/2017
372,167,2017,2,28,2/28/2017
373,158,2017,3,1,3/1/2017
374,151,2017,3,2,3/2/2017
375,160,2017,3,3,3/3/2017
376,61,2017,3,4,3/4/2017
377,43,2017,3,5,3/5/2017
378,155,2017,3,6,3/6/2017
379,131,2017,3,7,3/7/2017
380,134,2017,3,8,3/8/2017
381,131,2017,3,9,3/9/2017
382,165,2017,3,10,3/10/2017
383,63,2017,3,11,3/11/2017
384,38,2017,3,12,3/12/2017
385,164,2017,3,13,3/13/2017
386,136,2017,3,14,3/14/2017
387,117,2017,3,15,3/15/2017
388,139,2017,3,16,3/16/2017
389,157,2017,3,17,3/17/2017
390,50,2017,3,18,3/18/2017
391,47,2017,3,19,3/19/2017
392,166,2017,3,20,3/20/2017
393,150,2017,3,21,3/21/2017
394,131,2017,3,22,3/22/2017
395,146,2017,3,23,3/23/2017
396,138,2017,3,24,3/24/2017
397,46,2017,3,25,3/25/2017
398,45,2017,3,26,3/26/2017
399,117,2017,3,27,3/27/2017
400,143,2017,3,28,3/28/2017
401,147,2017,3,29,3/29/2017
402,138,2017,3,30,3/30/2017
403,151,2017,3,31,3/31/2017
404,38,2017,4,1,4/1/2017
405,45,2017,4,2,4/2/2017
406,137,2017,4,3,4/3/2017
407,152,2017,4,4,4/4/2017
408,128,2017,4,5,4/5/2017
409,141,2017,4,6,4/6/2017
410,148,2017,4,7,4/7/2017
411,57,2017,4,8,4/8/2017
412,29,2017,4,9,4/9/2017
413,127,2017,4,10,4/10/2017
414,129,2017,4,11,4/11/2017
415,154,2017,4,12,4/12/2017
416,134,2017,4,13,4/13/2017
417,116,2017,4,14,4/14/2017
418,44,2017,4,15,4/15/2017
419,43,2017,4,16,4/16/2017
420,128,2017,4,17,4/17/2017
421,159,2017,4,18,4/18/2017
422,127,2017,4,19,4/19/2017
423,132,2017,4,20,4/20/2017
424,145,2017,4,21,4/21/2017
425,40,2017,4,22,4/22/2017
426,47,2017,4,23,4/23/2017
427,125,2017,4,24,4/24/2017
428,134,2017,4,25,4/25/2017
429,133,2017,4,26,4/26/2017
430,138,2017,4,27,4/27/2017
431,147,2017,4,28,4/28/2017
432,50,2017,4,29,4/29/2017
433,37,2017,4,30,4/30/2017
434,135,2017,5,1,5/1/2017
435,117,2017,5,2,5/2/2017
436,122,2017,5,3,5/3/2017
437,146,2017,5,4,5/4/2017
438,142,2017,5,5,5/5/2017
439,50,2017,5,6,5/6/2017
440,55,2017,5,7,5/7/2017
441,138,2017,5,8,5/8/2017
442,107,2017,5,9,5/9/2017
443,48,2017,5,10,5/10/2017
444,110,2017,5,11,5/11/2017
445,131,2017,5,12,5/12/2017
446,28,2017,5,13,5/13/2017
447,33,2017,5,14,5/14/2017
448,129,2017,5,15,5/15/2017
449,44,2017,5,16,5/16/2017
450,123,2017,5,17,5/17/2017
451,130,2017,5,18,5/18/2017
452,137,2017,5,19,5/19/2017
453,40,2017,5,20,5/20/2017
454,35,2017,5,21,5/21/2017
455,135,2017,5,22,5/22/2017
456,147,2017,5,23,5/23/2017
457,143,2017,5,24,5/24/2017
458,48,2017,5,25,5/25/2017
459,44,2017,5,26,5/26/2017
460,15,2017,5,27,5/27/2017
461,7,2017,5,28,5/28/2017
462,14,2017,5,29,5/29/2017
463,47,2017,5,30,5/30/2017
464,39,2017,5,31,5/31/2017
465,102,2017,6,1,6/1/2017
466,125,2017,6,2,6/2/2017
467,45,2017,6,3,6/3/2017
468,43,2017,6,4,6/4/2017
469,108,2017,6,5,6/5/2017
470,88,2017,6,6,6/6/2017
471,107,2017,6,7,6/7/2017
472,122,2017,6,8,6/8/2017
473,128,2017,6,9,6/9/2017
474,53,2017,6,10,6/10/2017
475,41,2017,6,11,6/11/2017
476,108,2017,6,12,6/12/2017
477,119,2017,6,13,6/13/2017
478,125,2017,6,14,6/14/2017
479,129,2017,6,15,6/15/2017
480,117,2017,6,16,6/16/2017
481,42,2017,6,17,6/17/2017
482,43,2017,6,18,6/18/2017
483,133,2017,6,19,6/19/2017
484,128,2017,6,20,6/20/2017
485,114,2017,6,21,6/21/2017
486,119,2017,6,22,6/22/2017
487,117,2017,6,23,6/23/2017
488,36,2017,6,24,6/24/2017
489,27,2017,6,25,6/25/2017
490,107,2017,6,26,6/26/2017
491,139,2017,6,27,6/27/2017
492,107,2017,6,28,6/28/2017
493,93,2017,6,29,6/29/2017
494,139,2017,6,30,6/30/2017
495,42,2017,7,1,7/1/2017
496,18,2017,7,2,7/2/2017
497,109,2017,7,3,7/3/2017
498,61,2017,7,4,7/4/2017
499,125,2017,7,5,7/5/2017
500,117,2017,7,6,7/6/2017
501,124,2017,7,7,7/7/2017
502,33,2017,7,8,7/8/2017
503,34,2017,7,9,7/9/2017
504,130,2017,7,10,7/10/2017
505,96,2017,7,11,7/11/2017
506,106,2017,7,12,7/12/2017
507,111,2017,7,13,7/13/2017
508,119,2017,7,14,7/14/2017
509,27,2017,7,15,7/15/2017
510,31,2017,7,16,7/16/2017
511,97,2017,7,17,7/17/2017
512,98,2017,7,18,7/18/2017
513,122,2017,7,19,7/19/2017
514,116,2017,7,20,7/20/2017
515,140,2017,7,21,7/21/2017
516,44,2017,7,22,7/22/2017
517,39,2017,7,23,7/23/2017
518,97,2017,7,24,7/24/2017
519,107,2017,7,25,7/25/2017
520,136,2017,7,26,7/26/2017
521,189,2017,7,27,7/27/2017
522,225,2017,7,28,7/28/2017
523,28,2017,7,29,7/29/2017
524,48,2017,7,30,7/30/2017
525,37,2017,7,31,7/31/2017
526,207,2017,8,1,8/1/2017
527,194,2017,8,2,8/2/2017
528,209,2017,8,3,8/3/2017
529,224,2017,8,4,8/4/2017
530,48,2017,8,5,8/5/2017
531,48,2017,8,6,8/6/2017
532,215,2017,8,7,8/7/2017
533,225,2017,8,8,8/8/2017
534,195,2017,8,9,8/9/2017
535,201,2017,8,10,8/10/2017
536,231,2017,8,11,8/11/2017
537,40,2017,8,12,8/12/2017
538,42,2017,8,13,8/13/2017
539,200,2017,8,14,8/14/2017
540,205,2017,8,15,8/15/2017
541,213,2017,8,16,8/16/2017
542,215,2017,8,17,8/17/2017
543,241,2017,8,18,8/18/2017
544,38,2017,8,19,8/19/2017
545,42,2017,8,20,8/20/2017
546,217,2017,8,21,8/21/2017
547,254,2017,8,22,8/22/2017
548,246,2017,8,23,8/23/2017
549,233,2017,8,24,8/24/2017
550,252,2017,8,25,8/25/2017
551,37,2017,8,26,8/26/2017
552,28,2017,8,27,8/27/2017
553,202,2017,8,28,8/28/2017
554,224,2017,8,29,8/29/2017
555,193,2017,8,30,8/30/2017
556,215,2017,8,31,8/31/2017
557,245,2017,9,1,9/1/2017
558,49,2017,9,2,9/2/2017
559,37,2017,9,3,9/3/2017
560,127,2017,9,4,9/4/2017
561,212,2017,9,5,9/5/2017
562,215,2017,9,6,9/6/2017
563,199,2017,9,7,9/7/2017
564,233,2017,9,8,9/8/2017
565,59,2017,9,9,9/9/2017
566,46,2017,9,10,9/10/2017
567,206,2017,9,11,9/11/2017
568,202,2017,9,12,9/12/2017
569,219,2017,9,13,9/13/2017
570,232,2017,9,14,9/14/2017
571,236,2017,9,15,9/15/2017
572,32,2017,9,16,9/16/2017
573,41,2017,9,17,9/17/2017
574,212,2017,9,18,9/18/2017
575,219,2017,9,19,9/19/2017
576,236,2017,9,20,9/20/2017
577,216,2017,9,21,9/21/2017
578,233,2017,9,22,9/22/2017
579,52,2017,9,23,9/23/2017
580,42,2017,9,24,9/24/2017
581,231,2017,9,25,9/25/2017
582,229,2017,9,26,9/26/2017
583,237,2017,9,27,9/27/2017
584,256,2017,9,28,9/28/2017
585,236,2017,9,29,9/29/2017
586,54,2017,9,30,9/30/2017
587,41,2017,10,1,10/1/2017
588,212,2017,10,2,10/2/2017
589,209,2017,10,3,10/3/2017
590,204,2017,10,4,10/4/2017
591,217,2017,10,5,10/5/2017
592,243,2017,10,6,10/6/2017
593,51,2017,10,7,10/7/2017
594,44,2017,10,8,10/8/2017
595,200,2017,10,9,10/9/2017
596,208,2017,10,10,10/10/2017
597,239,2017,10,11,10/11/2017
598,191,2017,10,12,10/12/2017
599,162,2017,10,13,10/13/2017
600,46,2017,10,14,10/14/2017
601,38,2017,10,15,10/15/2017
602,200,2017,10,16,10/16/2017
603,198,2017,10,17,10/17/2017
604,195,2017,10,18,10/18/2017
605,220,2017,10,19,10/19/2017
606,240,2017,10,20,10/20/2017
607,47,2017,10,21,10/21/2017
608,37,2017,10,22,10/22/2017
609,218,2017,10,23,10/23/2017
610,201,2017,10,24,10/24/2017
611,188,2017,10,25,10/25/2017
612,171,2017,10,26,10/26/2017
613,200,2017,10,27,10/27/2017
614,34,2017,10,28,10/28/2017
615,36,2017,10,29,10/29/2017
616,163,2017,10,30,10/30/2017
617,169,2017,10,31,10/31/2017
618,194,2017,11,1,11/1/2017
619,197,2017,11,2,11/2/2017
620,189,2017,11,3,11/3/2017
621,51,2017,11,4,11/4/2017
622,38,2017,11,5,11/5/2017
623,179,2017,11,6,11/6/2017
624,169,2017,11,7,11/7/2017
625,227,2017,11,8,11/8/2017
626,199,2017,11,9,11/9/2017
627,166,2017,11,10,11/10/2017
628,47,2017,11,11,11/11/2017
629,40,2017,11,12,11/12/2017
630,182,2017,11,13,11/13/2017
631,169,2017,11,14,11/14/2017
632,194,2017,11,15,11/15/2017
633,205,2017,11,16,11/16/2017
634,167,2017,11,17,11/17/2017
635,64,2017,11,18,11/18/2017
636,46,2017,11,19,11/19/2017
637,173,2017,11,20,11/20/2017
638,250,2017,11,21,11/21/2017
639,223,2017,11,22,11/22/2017
640,91,2017,11,23,11/23/2017
641,147,2017,11,24,11/24/2017
642,50,2017,11,25,11/25/2017
643,49,2017,11,26,11/26/2017
644,217,2017,11,27,11/27/2017
645,196,2017,11,28,11/28/2017
646,215,2017,11,29,11/29/2017
647,237,2017,11,30,11/30/2017
648,212,2017,12,1,12/1/2017
649,45,2017,12,2,12/2/2017
650,35,2017,12,3,12/3/2017
651,213,2017,12,4,12/4/2017
652,213,2017,12,5,12/5/2017
653,231,2017,12,6,12/6/2017
654,213,2017,12,7,12/7/2017
655,232,2017,12,8,12/8/2017
656,35,2017,12,9,12/9/2017
657,30,2017,12,10,12/10/2017
658,212,2017,12,11,12/11/2017
659,214,2017,12,12,12/12/2017
660,231,2017,12,13,12/13/2017
661,212,2017,12,14,12/14/2017
662,239,2017,12,15,12/15/2017
663,49,2017,12,16,12/16/2017
664,41,2017,12,17,12/17/2017
665,215,2017,12,18,12/18/2017
666,238,2017,12,19,12/19/2017
667,246,2017,12,20,12/20/2017
668,187,2017,12,21,12/21/2017
669,199,2017,12,22,12/22/2017
670,56,2017,12,23,12/23/2017
671,40,2017,12,24,12/24/2017
672,40,2017,12,25,12/25/2017
673,77,2017,12,26,12/26/2017
674,179,2017,12,27,12/27/2017
675,171,2017,12,28,12/28/2017
676,164,2017,12,29,12/29/2017
677,53,2017,12,30,12/30/2017
678,31,2017,12,31,12/31/2017
679,70,2018,1,1,1/1/2018
680,173,2018,1,2,1/2/2018
681,191,2018,1,3,1/3/2018
682,218,2018,1,4,1/4/2018
683,179,2018,1,5,1/5/2018
684,44,2018,1,6,1/6/2018
685,37,2018,1,7,1/7/2018
686,253,2018,1,8,1/8/2018
687,239,2018,1,9,1/9/2018
688,211,2018,1,10,1/10/2018
689,234,2018,1,11,1/11/2018
690,238,2018,1,12,1/12/2018
691,65,2018,1,13,1/13/2018
692,43,2018,1,14,1/14/2018
693,160,2018,1,15,1/15/2018
694,245,2018,1,16,1/16/2018
695,235,2018,1,17,1/17/2018
696,115,2018,1,18,1/18/2018
697,102,2018,1,19,1/19/2018
698,55,2018,1,20,1/20/2018
699,37,2018,1,21,1/21/2018
700,174,2018,1,22,1/22/2018
701,219,2018,1,23,1/23/2018
702,196,2018,1,24,1/24/2018
703,216,2018,1,25,1/25/2018
704,218,2018,1,26,1/26/2018
705,52,2018,1,27,1/27/2018
706,52,2018,1,28,1/28/2018
707,207,2018,1,29,1/29/2018
708,200,2018,1,30,1/30/2018
709,196,2018,1,31,1/31/2018
710,220,2018,2,1,2/1/2018
711,215,2018,2,2,2/2/2018
712,58,2018,2,3,2/3/2018
713,46,2018,2,4,2/4/2018
714,200,2018,2,5,2/5/2018
715,211,2018,2,6,2/6/2018
716,243,2018,2,7,2/7/2018
717,242,2018,2,8,2/8/2018
718,221,2018,2,9,2/9/2018
719,78,2018,2,10,2/10/2018
720,71,2018,2,11,2/11/2018
721,211,2018,2,12,2/12/2018
722,207,2018,2,13,2/13/2018
723,183,2018,2,14,2/14/2018
724,205,2018,2,15,2/15/2018
725,208,2018,2,16,2/16/2018
726,43,2018,2,17,2/17/2018
727,47,2018,2,18,2/18/2018
728,173,2018,2,19,2/19/2018
729,243,2018,2,20,2/20/2018
730,186,2018,2,21,2/21/2018
731,215,2018,2,22,2/22/2018
732,222,2018,2,23,2/23/2018
733,59,2018,2,24,2/24/2018
734,48,2018,2,25,2/25/2018
735,219,2018,2,26,2/26/2018
736,201,2018,2,27,2/27/2018
737,204,2018,2,28,2/28/2018
738,246,2018,3,1,3/1/2018
739,193,2018,3,2,3/2/2018
740,69,2018,3,3,3/3/2018
741,51,2018,3,4,3/4/2018
742,185,2018,3,5,3/5/2018
743,181,2018,3,6,3/6/2018
744,176,2018,3,7,3/7/2018
745,78,2018,3,8,3/8/2018
746,193,2018,3,9,3/9/2018
747,61,2018,3,10,3/10/2018
748,42,2018,3,11,3/11/2018
749,216,2018,3,12,3/12/2018
750,252,2018,3,13,3/13/2018
751,207,2018,3,14,3/14/2018
752,226,2018,3,15,3/15/2018
753,176,2018,3,16,3/16/2018
754,59,2018,3,17,3/17/2018
755,54,2018,3,18,3/18/2018
756,177,2018,3,19,3/19/2018
757,197,2018,3,20,3/20/2018
758,220,2018,3,21,3/21/2018
759,231,2018,3,22,3/22/2018
760,231,2018,3,23,3/23/2018
761,42,2018,3,24,3/24/2018
762,57,2018,3,25,3/25/2018
763,188,2018,3,26,3/26/2018
764,182,2018,3,27,3/27/2018
765,107,2018,3,28,3/28/2018
766,221,2018,3,29,3/29/2018
767,201,2018,3,30,3/30/2018
768,35,2018,3,31,3/31/2018
769,46,2018,4,1,4/1/2018
770,191,2018,4,2,4/2/2018
771,212,2018,4,3,4/3/2018
772,224,2018,4,4,4/4/2018
773,195,2018,4,5,4/5/2018
774,189,2018,4,6,4/6/2018
775,59,2018,4,7,4/7/2018
776,43,2018,4,8,4/8/2018
777,205,2018,4,9,4/9/2018
778,183,2018,4,10,4/10/2018
779,212,2018,4,11,4/11/2018
780,190,2018,4,12,4/12/2018
781,197,2018,4,13,4/13/2018
782,57,2018,4,14,4/14/2018
783,44,2018,4,15,4/15/2018
784,211,2018,4,16,4/16/2018
785,195,2018,4,17,4/17/2018
786,232,2018,4,18,4/18/2018
787,244,2018,4,19,4/19/2018
788,209,2018,4,20,4/20/2018
789,46,2018,4,21,4/21/2018
790,49,2018,4,22,4/22/2018
791,230,2018,4,23,4/23/2018
792,203,2018,4,24,4/24/2018
793,210,2018,4,25,4/25/2018
794,210,2018,4,26,4/26/2018
795,186,2018,4,27,4/27/2018
796,65,2018,4,28,4/28/2018
797,63,2018,4,29,4/29/2018
798,173,2018,4,30,4/30/2018
799,204,2018,5,1,5/1/2018
800,234,2018,5,2,5/2/2018
801,199,2018,5,3,5/3/2018
802,201,2018,5,4,5/4/2018
803,50,2018,5,5,5/5/2018
804,43,2018,5,6,5/6/2018
805,178,2018,5,7,5/7/2018
806,189,2018,5,8,5/8/2018
807,181,2018,5,9,5/9/2018
808,231,2018,5,10,5/10/2018
809,202,2018,5,11,5/11/2018
810,74,2018,5,12,5/12/2018
811,53,2018,5,13,5/13/2018
812,203,2018,5,14,5/14/2018
813,206,2018,5,15,5/15/2018
814,218,2018,5,16,5/16/2018
815,202,2018,5,17,5/17/2018
816,172,2018,5,18,5/18/2018
817,57,2018,5,19,5/19/2018
818,60,2018,5,20,5/20/2018
819,192,2018,5,21,5/21/2018
820,192,2018,5,22,5/22/2018
821,206,2018,5,23,5/23/2018
822,196,2018,5,24,5/24/2018
823,229,2018,5,25,5/25/2018
824,58,2018,5,26,5/26/2018
825,33,2018,5,27,5/27/2018
826,118,2018,5,28,5/28/2018
827,187,2018,5,29,5/29/2018
828,205,2018,5,30,5/30/2018
829,166,2018,5,31,5/31/2018
830,162,2018,6,1,6/1/2018
831,60,2018,6,2,6/2/2018
832,53,2018,6,3,6/3/2018
833,184,2018,6,4,6/4/2018
834,179,2018,6,5,6/5/2018
835,218,2018,6,6,6/6/2018
836,175,2018,6,7,6/7/2018
837,178,2018,6,8,6/8/2018
838,57,2018,6,9,6/9/2018
839,56,2018,6,10,6/10/2018
840,193,2018,6,11,6/11/2018
841,183,2018,6,12,6/12/2018
842,188,2018,6,13,6/13/2018
843,200,2018,6,14,6/14/2018
844,170,2018,6,15,6/15/2018
845,72,2018,6,16,6/16/2018
846,66,2018,6,17,6/17/2018
847,174,2018,6,18,6/18/2018
848,180,2018,6,19,6/19/2018
849,208,2018,6,20,6/20/2018
850,181,2018,6,21,6/21/2018
851,187,2018,6,22,6/22/2018
852,52,2018,6,23,6/23/2018
853,39,2018,6,24,6/24/2018
854,191,2018,6,25,6/25/2018
855,176,2018,6,26,6/26/2018
856,191,2018,6,27,6/27/2018
857,183,2018,6,28,6/28/2018
858,186,2018,6,29,6/29/2018
859,74,2018,6,30,6/30/2018
860,48,2018,7,1,7/1/2018
861,167,2018,7,2,7/2/2018
862,190,2018,7,3,7/3/2018
863,104,2018,7,4,7/4/2018
864,146,2018,7,5,7/5/2018
865,160,2018,7,6,7/6/2018
866,59,2018,7,7,7/7/2018
867,49,2018,7,8,7/8/2018
868,190,2018,7,9,7/9/2018
869,182,2018,7,10,7/10/2018
870,163,2018,7,11,7/11/2018
871,184,2018,7,12,7/12/2018
872,176,2018,7,13,7/13/2018
873,50,2018,7,14,7/14/2018
874,13,2018,7,15,7/15/2018
875,159,2018,7,16,7/16/2018
876,191,2018,7,17,7/17/2018
877,171,2018,7,18,7/18/2018
878,152,2018,7,19,7/19/2018
879,160,2018,7,20,7/20/2018
880,71,2018,7,21,7/21/2018
881,59,2018,7,22,7/22/2018
882,193,2018,7,23,7/23/2018
883,191,2018,7,24,7/24/2018
884,188,2018,7,25,7/25/2018
885,170,2018,7,26,7/26/2018
886,163,2018,7,27,7/27/2018
887,59,2018,7,28,7/28/2018
888,49,2018,7,29,7/29/2018
889,174,2018,7,30,7/30/2018
890,192,2018,7,31,7/31/2018
891,180,2018,8,1,8/1/2018
892,175,2018,8,2,8/2/2018
893,197,2018,8,3,8/3/2018
894,55,2018,8,4,8/4/2018
895,39,2018,8,5,8/5/2018
896,162,2018,8,6,8/6/2018
897,192,2018,8,7,8/7/2018
898,190,2018,8,8,8/8/2018
899,196,2018,8,9,8/9/2018
900,192,2018,8,10,8/10/2018
901,61,2018,8,11,8/11/2018
902,70,2018,8,12,8/12/2018
903,149,2018,8,13,8/13/2018
904,194,2018,8,14,8/14/2018
905,184,2018,8,15,8/15/2018
906,179,2018,8,16,8/16/2018
907,212,2018,8,17,8/17/2018
908,71,2018,8,18,8/18/2018
909,64,2018,8,19,8/19/2018
910,174,2018,8,20,8/20/2018
911,182,2018,8,21,8/21/2018
912,184,2018,8,22,8/22/2018
913,196,2018,8,23,8/23/2018
914,191,2018,8,24,8/24/2018
915,73,2018,8,25,8/25/2018
916,62,2018,8,26,8/26/2018
917,184,2018,8,27,8/27/2018
918,207,2018,8,28,8/28/2018
919,224,2018,8,29,8/29/2018
920,219,2018,8,30,8/30/2018
921,217,2018,8,31,8/31/2018
922,64,2018,9,1,9/1/2018
923,57,2018,9,2,9/2/2018
924,111,2018,9,3,9/3/2018
925,223,2018,9,4,9/4/2018
926,231,2018,9,5,9/5/2018
927,223,2018,9,6,9/6/2018
928,214,2018,9,7,9/7/2018
929,80,2018,9,8,9/8/2018
930,64,2018,9,9,9/9/2018
931,183,2018,9,10,9/10/2018
932,230,2018,9,11,9/11/2018
933,218,2018,9,12,9/12/2018
934,206,2018,9,13,9/13/2018
935,227,2018,9,14,9/14/2018
936,62,2018,9,15,9/15/2018
937,68,2018,9,16,9/16/2018
938,189,2018,9,17,9/17/2018
939,202,2018,9,18,9/18/2018
940,196,2018,9,19,9/19/2018
941,215,2018,9,20,9/20/2018
942,211,2018,9,21,9/21/2018
943,51,2018,9,22,9/22/2018
944,54,2018,9,23,9/23/2018
945,219,2018,9,24,9/24/2018
946,223,2018,9,25,9/25/2018
947,221,2018,9,26,9/26/2018
948,194,2018,9,27,9/27/2018
949,239,2018,9,28,9/28/2018
950,54,2018,9,29,9/29/2018
951,55,2018,9,30,9/30/2018
952,233,2018,10,1,10/1/2018
953,223,2018,10,2,10/2/2018
954,217,2018,10,3,10/3/2018
955,237,2018,10,4,10/4/2018
956,202,2018,10,5,10/5/2018
957,60,2018,10,6,10/6/2018
958,43,2018,10,7,10/7/2018
959,180,2018,10,8,10/8/2018
960,217,2018,10,9,10/9/2018
961,253,2018,10,10,10/10/2018
962,87,2018,10,11,10/11/2018
963,229,2018,10,12,10/12/2018
964,56,2018,10,13,10/13/2018
965,48,2018,10,14,10/14/2018
966,216,2018,10,15,10/15/2018
967,226,2018,10,16,10/16/2018
968,219,2018,10,17,10/17/2018
969,233,2018,10,18,10/18/2018
970,239,2018,10,19,10/19/2018
971,60,2018,10,20,10/20/2018
972,57,2018,10,21,10/21/2018
973,214,2018,10,22,10/22/2018
974,245,2018,10,23,10/23/2018
975,210,2018,10,24,10/24/2018
976,250,2018,10,25,10/25/2018
977,206,2018,10,26,10/26/2018
978,70,2018,10,27,10/27/2018
979,64,2018,10,28,10/28/2018
980,224,2018,10,29,10/29/2018
981,241,2018,10,30,10/30/2018
982,213,2018,10,31,10/31/2018
983,63,2018,11,1,11/1/2018
984,234,2018,11,2,11/2/2018
985,88,2018,11,3,11/3/2018
986,59,2018,11,4,11/4/2018
987,266,2018,11,5,11/5/2018
988,244,2018,11,6,11/6/2018
989,245,2018,11,7,11/7/2018
990,227,2018,11,8,11/8/2018
991,263,2018,11,9,11/9/2018
992,68,2018,11,10,11/10/2018
993,71,2018,11,11,11/11/2018
994,234,2018,11,12,11/12/2018
995,202,2018,11,13,11/13/2018
996,253,2018,11,14,11/14/2018
997,255,2018,11,15,11/15/2018
998,240,2018,11,16,11/16/2018
999,63,2018,11,17,11/17/2018
1000,61,2018,11,18,11/18/2018
1001,240,2018,11,19,11/19/2018
1002,251,2018,11,20,11/20/2018
1003,246,2018,11,21,11/21/2018
1004,135,2018,11,22,11/22/2018
1005,168,2018,11,23,11/23/2018
1006,70,2018,11,24,11/24/2018
1007,66,2018,11,25,11/25/2018
1008,230,2018,11,26,11/26/2018
1009,216,2018,11,27,11/27/2018
1010,209,2018,11,28,11/28/2018
1011,83,2018,11,29,11/29/2018
1012,220,2018,11,30,11/30/2018
1013,91,2018,12,1,12/1/2018
1014,60,2018,12,2,12/2/2018
1015,232,2018,12,3,12/3/2018
1016,200,2018,12,4,12/4/2018
1017,226,2018,12,5,12/5/2018
1018,220,2018,12,6,12/6/2018
1019,211,2018,12,7,12/7/2018
1020,58,2018,12,8,12/8/2018
1021,57,2018,12,9,12/9/2018
1022,209,2018,12,10,12/10/2018
1023,251,2018,12,11,12/11/2018
1024,233,2018,12,12,12/12/2018
1025,196,2018,12,13,12/13/2018
1026,211,2018,12,14,12/14/2018
1027,81,2018,12,15,12/15/2018
1028,46,2018,12,16,12/16/2018
1029,192,2018,12,17,12/17/2018
1030,219,2018,12,18,12/18/2018
1031,198,2018,12,19,12/19/2018
1032,139,2018,12,20,12/20/2018
1033,229,2018,12,21,12/21/2018
1034,44,2018,12,22,12/22/2018
1035,54,2018,12,23,12/23/2018
1036,118,2018,12,24,12/24/2018
1037,42,2018,12,25,12/25/2018
1038,93,2018,12,26,12/26/2018
1039,178,2018,12,27,12/27/2018
1040,169,2018,12,28,12/28/2018
1041,58,2018,12,29,12/29/2018
1042,55,2018,12,30,12/30/2018
1043,149,2018,12,31,12/31/2018
1044,80,2019,1,1,1/1/2019
1045,158,2019,1,2,1/2/2019
1046,177,2019,1,3,1/3/2019
1047,205,2019,1,4,1/4/2019
1048,77,2019,1,5,1/5/2019
1049,85,2019,1,6,1/6/2019
1050,214,2019,1,7,1/7/2019
1051,183,2019,1,8,1/8/2019
1052,194,2019,1,9,1/9/2019
1053,197,2019,1,10,1/10/2019
1054,180,2019,1,11,1/11/2019
1055,81,2019,1,12,1/12/2019
1056,58,2019,1,13,1/13/2019
1057,208,2019,1,14,1/14/2019
1058,232,2019,1,15,1/15/2019
1059,245,2019,1,16,1/16/2019
1060,204,2019,1,17,1/17/2019
1061,201,2019,1,18,1/18/2019
1062,95,2019,1,19,1/19/2019
1063,69,2019,1,20,1/20/2019
1064,164,2019,1,21,1/21/2019
1065,210,2019,1,22,1/22/2019
1066,228,2019,1,23,1/23/2019
1067,253,2019,1,24,1/24/2019
1068,229,2019,1,25,1/25/2019
1069,72,2019,1,26,1/26/2019
1070,53,2019,1,27,1/27/2019
1071,192,2019,1,28,1/28/2019
1072,237,2019,1,29,1/29/2019
1073,198,2019,1,30,1/30/2019
1074,210,2019,1,31,1/31/2019
1075,248,2019,2,1,2/1/2019
1076,70,2019,2,2,2/2/2019
1077,49,2019,2,3,2/3/2019
1078,228,2019,2,4,2/4/2019
1079,214,2019,2,5,2/5/2019
1080,239,2019,2,6,2/6/2019
1081,250,2019,2,7,2/7/2019
1082,174,2019,2,8,2/8/2019
1083,87,2019,2,9,2/9/2019
1084,67,2019,2,10,2/10/2019
1085,226,2019,2,11,2/11/2019
1086,279,2019,2,12,2/12/2019
1087,219,2019,2,13,2/13/2019
1088,237,2019,2,14,2/14/2019
1089,204,2019,2,15,2/15/2019
1090,75,2019,2,16,2/16/2019
1091,86,2019,2,17,2/17/2019
1092,179,2019,2,18,2/18/2019
1093,214,2019,2,19,2/19/2019
1094,210,2019,2,20,2/20/2019
1095,210,2019,2,21,2/21/2019
1096,204,2019,2,22,2/22/2019
1097,70,2019,2,23,2/23/2019
1098,60,2019,2,24,2/24/2019
1099,196,2019,2,25,2/25/2019
1100,199,2019,2,26,2/26/2019
1101,206,2019,2,27,2/27/2019
1102,192,2019,2,28,2/28/2019
1103,196,2019,3,1,3/1/2019
1104,56,2019,3,2,3/2/2019
1105,55,2019,3,3,3/3/2019
1106,176,2019,3,4,3/4/2019
1107,215,2019,3,5,3/5/2019
1108,195,2019,3,6,3/6/2019
1109,194,2019,3,7,3/7/2019
1110,193,2019,3,8,3/8/2019
1111,74,2019,3,9,3/9/2019
1112,62,2019,3,10,3/10/2019
1113,155,2019,3,11,3/11/2019
1114,200,2019,3,12,3/12/2019
1115,185,2019,3,13,3/13/2019
1116,140,2019,3,14,3/14/2019
1117,189,2019,3,15,3/15/2019
1118,56,2019,3,16,3/16/2019
1119,47,2019,3,17,3/17/2019
1120,162,2019,3,18,3/18/2019
1121,193,2019,3,19,3/19/2019
1122,184,2019,3,20,3/20/2019
1123,177,2019,3,21,3/21/2019
1124,187,2019,3,22,3/22/2019
1125,68,2019,3,23,3/23/2019
1126,49,2019,3,24,3/24/2019
1127,170,2019,3,25,3/25/2019
1128,161,2019,3,26,3/26/2019
1129,183,2019,3,27,3/27/2019
1130,169,2019,3,28,3/28/2019
1131,163,2019,3,29,3/29/2019
1132,78,2019,3,30,3/30/2019
1133,43,2019,3,31,3/31/2019
1134,178,2019,4,1,4/1/2019
1135,216,2019,4,2,4/2/2019
1136,183,2019,4,3,4/3/2019
1137,183,2019,4,4,4/4/2019
1138,235,2019,4,5,4/5/2019
1139,65,2019,4,6,4/6/2019
1140,54,2019,4,7,4/7/2019
1141,190,2019,4,8,4/8/2019
1142,198,2019,4,9,4/9/2019
1143,227,2019,4,10,4/10/2019
1144,186,2019,4,11,4/11/2019
1145,216,2019,4,12,4/12/2019
1146,77,2019,4,13,4/13/2019
1147,57,2019,4,14,4/14/2019
1148,200,2019,4,15,4/15/2019
1149,175,2019,4,16,4/16/2019
1150,204,2019,4,17,4/17/2019
1151,201,2019,4,18,4/18/2019
1152,195,2019,4,19,4/19/2019
1153,61,2019,4,20,4/20/2019
1154,55,2019,4,21,4/21/2019
1155,156,2019,4,22,4/22/2019
1156,208,2019,4,23,4/23/2019
1157,173,2019,4,24,4/24/2019
1158,186,2019,4,25,4/25/2019
1159,216,2019,4,26,4/26/2019
1160,73,2019,4,27,4/27/2019
1161,57,2019,4,28,4/28/2019
1162,172,2019,4,29,4/29/2019
1163,186,2019,4,30,4/30/2019
1164,188,2019,5,1,5/1/2019
1165,170,2019,5,2,5/2/2019
1166,186,2019,5,3,5/3/2019
1167,58,2019,5,4,5/4/2019
1168,78,2019,5,5,5/5/2019
1169,182,2019,5,6,5/6/2019
1170,211,2019,5,7,5/7/2019
1171,170,2019,5,8,5/8/2019
1172,158,2019,5,9,5/9/2019
1173,218,2019,5,10,5/10/2019
1174,59,2019,5,11,5/11/2019
1175,69,2019,5,12,5/12/2019
1176,172,2019,5,13,5/13/2019
1177,186,2019,5,14,5/14/2019
1178,176,2019,5,15,5/15/2019
1179,209,2019,5,16,5/16/2019
1180,181,2019,5,17,5/17/2019
1181,83,2019,5,18,5/18/2019
1182,71,2019,5,19,5/19/2019
1183,176,2019,5,20,5/20/2019
1184,208,2019,5,21,5/21/2019
1185,189,2019,5,22,5/22/2019
1186,189,2019,5,23,5/23/2019
1187,193,2019,5,24,5/24/2019
1188,51,2019,5,25,5/25/2019
1189,52,2019,5,26,5/26/2019
1190,106,2019,5,27,5/27/2019
1191,179,2019,5,28,5/28/2019
1192,209,2019,5,29,5/29/2019
1193,187,2019,5,30,5/30/2019
1194,185,2019,5,31,5/31/2019
1195,68,2019,6,1,6/1/2019
1196,67,2019,6,2,6/2/2019
1197,175,2019,6,3,6/3/2019
1198,186,2019,6,4,6/4/2019
1199,135,2019,6,5,6/5/2019
1200,166,2019,6,6,6/6/2019
1201,212,2019,6,7,6/7/2019
1202,71,2019,6,8,6/8/2019
1203,48,2019,6,9,6/9/2019
1204,180,2019,6,10,6/10/2019
1205,188,2019,6,11,6/11/2019
1206,188,2019,6,12,6/12/2019
1207,219,2019,6,13,6/13/2019
1208,176,2019,6,14,6/14/2019
1209,52,2019,6,15,6/15/2019
1210,64,2019,6,16,6/16/2019
1211,179,2019,6,17,6/17/2019
1212,196,2019,6,18,6/18/2019
1213,190,2019,6,19,6/19/2019
1214,203,2019,6,20,6/20/2019
1215,201,2019,6,21,6/21/2019
1216,61,2019,6,22,6/22/2019
1217,55,2019,6,23,6/23/2019
1218,169,2019,6,24,6/24/2019
1219,156,2019,6,25,6/25/2019
1220,182,2019,6,26,6/26/2019
1221,141,2019,6,27,6/27/2019
1222,189,2019,6,28,6/28/2019
1223,57,2019,6,29,6/29/2019
1224,60,2019,6,30,6/30/2019
1225,186,2019,7,1,7/1/2019
1226,146,2019,7,2,7/2/2019
1227,169,2019,7,3,7/3/2019
1228,96,2019,7,4,7/4/2019
1229,140,2019,7,5,7/5/2019
1230,45,2019,7,6,7/6/2019
1231,53,2019,7,7,7/7/2019
1232,175,2019,7,8,7/8/2019
1233,180,2019,7,9,7/9/2019
1234,165,2019,7,10,7/10/2019
1235,163,2019,7,11,7/11/2019
1236,187,2019,7,12,7/12/2019
1237,77,2019,7,13,7/13/2019
1238,46,2019,7,14,7/14/2019
1239,185,2019,7,15,7/15/2019
1240,174,2019,7,16,7/16/2019
1241,164,2019,7,17,7/17/2019
1242,175,2019,7,18,7/18/2019
1243,191,2019,7,19,7/19/2019
1244,72,2019,7,20,7/20/2019
1245,55,2019,7,21,7/21/2019
1246,178,2019,7,22,7/22/2019
1247,199,2019,7,23,7/23/2019
1248,195,2019,7,24,7/24/2019
1249,183,2019,7,25,7/25/2019
1250,180,2019,7,26,7/26/2019
1251,72,2019,7,27,7/27/2019
1252,57,2019,7,28,7/28/2019
1253,170,2019,7,29,7/29/2019
1254,164,2019,7,30,7/30/2019
1255,182,2019,7,31,7/31/2019
1256,185,2019,8,1,8/1/2019
1257,209,2019,8,2,8/2/2019
1258,74,2019,8,3,8/3/2019
1259,62,2019,8,4,8/4/2019
1260,157,2019,8,5,8/5/2019
1261,189,2019,8,6,8/6/2019
1262,161,2019,8,7,8/7/2019
1263,177,2019,8,8,8/8/2019
1264,187,2019,8,9,8/9/2019
1265,53,2019,8,10,8/10/2019
1266,69,2019,8,11,8/11/2019
1267,189,2019,8,12,8/12/2019
1268,190,2019,8,13,8/13/2019
1269,195,2019,8,14,8/14/2019
1270,205,2019,8,15,8/15/2019
1271,190,2019,8,16,8/16/2019
1272,65,2019,8,17,8/17/2019
1273,59,2019,8,18,8/18/2019
1274,178,2019,8,19,8/19/2019
1275,207,2019,8,20,8/20/2019
1276,209,2019,8,21,8/21/2019
1277,186,2019,8,22,8/22/2019
1278,193,2019,8,23,8/23/2019
1279,33,2019,8,25,8/25/2019
1280,197,2019,8,26,8/26/2019
1281,247,2019,8,27,8/27/2019
1282,253,2019,8,28,8/28/2019
1283,262,2019,8,29,8/29/2019
1284,254,2019,8,30,8/30/2019
1285,88,2019,8,31,8/31/2019
1286,69,2019,9,1,9/1/2019
1287,135,2019,9,2,9/2/2019
1288,266,2019,9,3,9/3/2019
1289,206,2019,9,4,9/4/2019
1290,251,2019,9,5,9/5/2019
1291,244,2019,9,6,9/6/2019
1292,104,2019,9,7,9/7/2019
1293,84,2019,9,8,9/8/2019
1294,261,2019,9,9,9/9/2019
1295,242,2019,9,10,9/10/2019
1296,273,2019,9,11,9/11/2019
1297,244,2019,9,12,9/12/2019
1298,221,2019,9,13,9/13/2019
1299,110,2019,9,14,9/14/2019
1300,94,2019,9,15,9/15/2019
1301,242,2019,9,16,9/16/2019
1302,256,2019,9,17,9/17/2019
1303,224,2019,9,18,9/18/2019
1304,82,2019,9,19,9/19/2019
1305,230,2019,9,20,9/20/2019
1306,107,2019,9,21,9/21/2019
1307,89,2019,9,22,9/22/2019
1308,250,2019,9,23,9/23/2019
1309,222,2019,9,24,9/24/2019
1310,258,2019,9,25,9/25/2019
1311,200,2019,9,26,9/26/2019
1312,258,2019,9,27,9/27/2019
1313,110,2019,9,28,9/28/2019
1314,77,2019,9,29,9/29/2019
1315,258,2019,9,30,9/30/2019
1316,250,2019,10,1,10/1/2019
1317,235,2019,10,2,10/2/2019
1318,268,2019,10,3,10/3/2019
1319,243,2019,10,4,10/4/2019
1320,110,2019,10,5,10/5/2019
1321,114,2019,10,6,10/6/2019
1322,250,2019,10,7,10/7/2019
1323,264,2019,10,8,10/8/2019
1324,253,2019,10,9,10/9/2019
1325,277,2019,10,10,10/10/2019
1326,257,2019,10,11,10/11/2019
1327,116,2019,10,12,10/12/2019
1328,110,2019,10,13,10/13/2019
1329,232,2019,10,14,10/14/2019
1330,258,2019,10,15,10/15/2019
1331,278,2019,10,16,10/16/2019
1332,283,2019,10,17,10/17/2019
1333,247,2019,10,18,10/18/2019
1334,129,2019,10,19,10/19/2019
1335,106,2019,10,20,10/20/2019
1336,296,2019,10,21,10/21/2019
1337,305,2019,10,22,10/22/2019
1338,262,2019,10,23,10/23/2019
1339,245,2019,10,24,10/24/2019
1340,286,2019,10,25,10/25/2019
1341,146,2019,10,26,10/26/2019
1342,92,2019,10,27,10/27/2019
1343,259,2019,10,28,10/28/2019
1344,296,2019,10,29,10/29/2019
1345,267,2019,10,30,10/30/2019
1346,298,2019,10,31,10/31/2019
1347,252,2019,11,1,11/1/2019
1348,117,2019,11,2,11/2/2019
1349,96,2019,11,3,11/3/2019
1350,268,2019,11,4,11/4/2019
1351,279,2019,11,5,11/5/2019
1352,308,2019,11,6,11/6/2019
1353,249,2019,11,7,11/7/2019
1354,272,2019,11,8,11/8/2019
1355,116,2019,11,9,11/9/2019
1356,102,2019,11,10,11/10/2019
1357,230,2019,11,11,11/11/2019
1358,303,2019,11,12,11/12/2019
1359,305,2019,11,13,11/13/2019
1360,178,2019,11,14,11/14/2019
1361,210,2019,11,15,11/15/2019
1362,57,2019,11,16,11/16/2019
1363,50,2019,11,17,11/17/2019
1364,188,2019,11,18,11/18/2019
1365,200,2019,11,19,11/19/2019
1366,164,2019,11,20,11/20/2019
1367,189,2019,11,21,11/21/2019
1368,191,2019,11,22,11/22/2019
1369,76,2019,11,23,11/23/2019
1370,46,2019,11,24,11/24/2019
1371,184,2019,11,25,11/25/2019
1372,175,2019,11,26,11/26/2019
1373,196,2019,11,27,11/27/2019
1374,54,2019,11,28,11/28/2019
1375,111,2019,11,29,11/29/2019
1376,67,2019,11,30,11/30/2019
1377,60,2019,12,1,12/1/2019
1378,178,2019,12,2,12/2/2019
1379,261,2019,12,3,12/3/2019
1380,320,2019,12,4,12/4/2019
1381,227,2019,12,5,12/5/2019
1382,262,2019,12,6,12/6/2019
1383,135,2019,12,7,12/7/2019
1384,119,2019,12,8,12/8/2019
1385,291,2019,12,9,12/9/2019
1386,292,2019,12,10,12/10/2019
1387,271,2019,12,11,12/11/2019
1388,268,2019,12,12,12/12/2019
1389,300,2019,12,13,12/13/2019
1390,145,2019,12,14,12/14/2019
1391,129,2019,12,15,12/15/2019
1392,254,2019,12,16,12/16/2019
1393,278,2019,12,17,12/17/2019
1394,254,2019,12,18,12/18/2019
1395,304,2019,12,19,12/19/2019
1396,251,2019,12,20,12/20/2019
1397,133,2019,12,21,12/21/2019
1398,128,2019,12,22,12/22/2019
1399,290,2019,12,23,12/23/2019
1400,154,2019,12,24,12/24/2019
1401,73,2019,12,25,12/25/2019
1402,161,2019,12,26,12/26/2019
1403,158,2019,12,27,12/27/2019
1404,153,2019,12,28,12/28/2019
1405,110,2019,12,29,12/29/2019
1406,218,2019,12,30,12/30/2019
1407,174,2019,12,31,12/31/2019
1408,93,2020,1,1,1/1/2020
1409,199,2020,1,2,1/2/2020
1410,221,2020,1,3,1/3/2020
1411,71,2020,1,4,1/4/2020
1412,77,2020,1,5,1/5/2020
1413,209,2020,1,6,1/6/2020
1414,216,2020,1,7,1/7/2020
1415,212,2020,1,8,1/8/2020
1416,236,2020,1,9,1/9/2020
1417,282,2020,1,10,1/10/2020
1418,97,2020,1,11,1/11/2020
1419,91,2020,1,12,1/12/2020
1420,253,2020,1,13,1/13/2020
1421,267,2020,1,14,1/14/2020
1422,260,2020,1,15,1/15/2020
1423,268,2020,1,16,1/16/2020
1424,265,2020,1,17,1/17/2020
1425,168,2020,1,18,1/18/2020
1426,68,2020,1,19,1/19/2020
1427,143,2020,1,20,1/20/2020
1428,212,2020,1,21,1/21/2020
1429,215,2020,1,22,1/22/2020
1430,269,2020,1,23,1/23/2020
1431,267,2020,1,24,1/24/2020
1432,109,2020,1,25,1/25/2020
1433,81,2020,1,26,1/26/2020
1434,209,2020,1,27,1/27/2020
1435,221,2020,1,28,1/28/2020
1436,194,2020,1,29,1/29/2020
1437,188,2020,1,30,1/30/2020
1438,248,2020,1,31,1/31/2020
1439,85,2020,2,1,2/1/2020
1440,105,2020,2,2,2/2/2020
1441,205,2020,2,3,2/3/2020
1442,209,2020,2,4,2/4/2020
1443,270,2020,2,5,2/5/2020
1444,316,2020,2,6,2/6/2020
1445,280,2020,2,7,2/7/2020
1446,106,2020,2,8,2/8/2020
1447,90,2020,2,9,2/9/2020
1448,233,2020,2,10,2/10/2020
1449,228,2020,2,11,2/11/2020
1450,240,2020,2,12,2/12/2020
1451,245,2020,2,13,2/13/2020
1452,299,2020,2,14,2/14/2020
1453,95,2020,2,15,2/15/2020
1454,90,2020,2,16,2/16/2020
1455,205,2020,2,17,2/17/2020
1456,252,2020,2,18,2/18/2020
1457,210,2020,2,19,2/19/2020
1458,202,2020,2,20,2/20/2020
1459,232,2020,2,21,2/21/2020
1460,118,2020,2,22,2/22/2020
1461,87,2020,2,23,2/23/2020
1462,213,2020,2,24,2/24/2020
1463,201,2020,2,25,2/25/2020
1464,222,2020,2,26,2/26/2020
1465,150,2020,2,27,2/27/2020
1466,223,2020,2,28,2/28/2020
1467,97,2020,2,29,2/29/2020
1468,74,2020,3,1,3/1/2020
1469,198,2020,3,2,3/2/2020
1470,192,2020,3,3,3/3/2020
1471,206,2020,3,4,3/4/2020
1472,208,2020,3,5,3/5/2020
1473,222,2020,3,6,3/6/2020
1474,79,2020,3,7,3/7/2020
1475,86,2020,3,8,3/8/2020
1476,191,2020,3,9,3/9/2020
1477,253,2020,3,10,3/10/2020
1478,208,2020,3,11,3/11/2020
1479,228,2020,3,12,3/12/2020
1480,237,2020,3,13,3/13/2020
1481,125,2020,3,14,3/14/2020
1482,111,2020,3,15,3/15/2020
1483,190,2020,3,16,3/16/2020
1484,136,2020,3,17,3/17/2020
1485,216,2020,3,18,3/18/2020
1486,293,2020,3,19,3/19/2020
1487,269,2020,3,20,3/20/2020
1488,111,2020,3,21,3/21/2020
1489,125,2020,3,22,3/22/2020
1490,275,2020,3,23,3/23/2020
1491,238,2020,3,24,3/24/2020
1492,194,2020,3,25,3/25/2020
1493,179,2020,3,26,3/26/2020
1494,213,2020,3,27,3/27/2020
1495,88,2020,3,28,3/28/2020
1496,64,2020,3,29,3/29/2020
1497,133,2020,3,30,3/30/2020
1498,127,2020,3,31,3/31/2020
1499,134,2020,4,1,4/1/2020
1500,196,2020,4,2,4/2/2020
1501,233,2020,4,3,4/3/2020
1502,92,2020,4,4,4/4/2020
1503,132,2020,4,5,4/5/2020
1504,303,2020,4,6,4/6/2020
1505,237,2020,4,7,4/7/2020
1506,190,2020,4,8,4/8/2020
1507,263,2020,4,9,4/9/2020
1508,243,2020,4,10,4/10/2020
1509,98,2020,4,11,4/11/2020
1510,78,2020,4,12,4/12/2020
1511,219,2020,4,13,4/13/2020
1512,177,2020,4,14,4/14/2020
1513,224,2020,4,15,4/15/2020
1514,212,2020,4,16,4/16/2020
1515,208,2020,4,17,4/17/2020
1516,102,2020,4,18,4/18/2020
1517,89,2020,4,19,4/19/2020
1518,224,2020,4,20,4/20/2020
1519,222,2020,4,21,4/21/2020
1520,235,2020,4,22,4/22/2020
1521,232,2020,4,23,4/23/2020
1522,263,2020,4,24,4/24/2020
1523,93,2020,4,25,4/25/2020
1524,103,2020,4,26,4/26/2020
1525,208,2020,4,27,4/27/2020
1526,215,2020,4,28,4/28/2020
1527,244,2020,4,29,4/29/2020
1528,269,2020,4,30,4/30/2020
1529,289,2020,5,1,5/1/2020
1530,117,2020,5,2,5/2/2020
1531,85,2020,5,3,5/3/2020
1532,151,2020,5,5,5/5/2020
1533,158,2020,5,6,5/6/2020
1534,217,2020,5,7,5/7/2020
1535,265,2020,5,8,5/8/2020
1536,111,2020,5,9,5/9/2020
1537,87,2020,5,10,5/10/2020
1538,242,2020,5,11,5/11/2020
1539,217,2020,5,12,5/12/2020
1540,187,2020,5,13,5/13/2020
1541,216,2020,5,14,5/14/2020
1542,247,2020,5,15,5/15/2020
1543,121,2020,5,16,5/16/2020
1544,127,2020,5,17,5/17/2020
1545,258,2020,5,18,5/18/2020
1546,196,2020,5,19,5/19/2020
1547,234,2020,5,20,5/20/2020
1548,221,2020,5,21,5/21/2020
1549,296,2020,5,22,5/22/2020
1550,108,2020,5,23,5/23/2020
1551,107,2020,5,24,5/24/2020
1552,181,2020,5,25,5/25/2020
1553,246,2020,5,26,5/26/2020
1554,251,2020,5,27,5/27/2020
1555,276,2020,5,28,5/28/2020
1556,259,2020,5,29,5/29/2020
1557,107,2020,5,30,5/30/2020
1558,64,2020,5,31,5/31/2020
1559,207,2020,6,1,6/1/2020
1560,198,2020,6,2,6/2/2020
1561,230,2020,6,3,6/3/2020
1562,265,2020,6,4,6/4/2020
1563,282,2020,6,5,6/5/2020
1564,120,2020,6,6,6/6/2020
1565,91,2020,6,7,6/7/2020
1566,257,2020,6,8,6/8/2020
1567,245,2020,6,9,6/9/2020
1568,274,2020,6,10,6/10/2020
1569,279,2020,6,11,6/11/2020
1570,283,2020,6,12,6/12/2020
1571,140,2020,6,13,6/13/2020
1572,87,2020,6,14,6/14/2020
1573,284,2020,6,15,6/15/2020
1574,225,2020,6,16,6/16/2020
1575,240,2020,6,17,6/17/2020
1576,268,2020,6,18,6/18/2020
1577,302,2020,6,19,6/19/2020
1578,130,2020,6,20,6/20/2020
1579,93,2020,6,21,6/21/2020
1580,291,2020,6,22,6/22/2020
1581,282,2020,6,23,6/23/2020
1582,278,2020,6,24,6/24/2020
1583,265,2020,6,25,6/25/2020
1584,300,2020,6,26,6/26/2020
1585,135,2020,6,27,6/27/2020
1586,126,2020,6,28,6/28/2020
1587,148,2020,6,29,6/29/2020
1588,104,2020,6,30,6/30/2020
1589,98,2020,7,1,7/1/2020
1590,96,2020,7,2,7/2/2020
1591,87,2020,7,3,7/3/2020
1592,22,2020,7,4,7/4/2020
1593,24,2020,7,5,7/5/2020
1594,86,2020,7,6,7/6/2020
1595,80,2020,7,7,7/7/2020
1596,92,2020,7,8,7/8/2020
1597,62,2020,7,9,7/9/2020
1598,2,2020,7,10,7/10/2020
1599,22,2020,7,11,7/11/2020
1600,20,2020,7,12,7/12/2020
1601,81,2020,7,13,7/13/2020
1602,95,2020,7,14,7/14/2020
1603,80,2020,7,15,7/15/2020
1604,93,2020,7,16,7/16/2020
1605,99,2020,7,17,7/17/2020
1606,32,2020,7,18,7/18/2020
1607,29,2020,7,19,7/19/2020
1608,98,2020,7,20,7/20/2020
1609,99,2020,7,21,7/21/2020
1610,96,2020,7,22,7/22/2020
1611,99,2020,7,23,7/23/2020
1612,97,2020,7,24,7/24/2020
1613,44,2020,7,25,7/25/2020
1614,31,2020,7,26,7/26/2020
1615,114,2020,7,27,7/27/2020
1616,115,2020,7,28,7/28/2020
1617,99,2020,7,29,7/29/2020
1618,98,2020,7,30,7/30/2020
1619,107,2020,7,31,7/31/2020
1620,36,2020,8,1,8/1/2020
1621,27,2020,8,2,8/2/2020
1622,135,2020,8,3,8/3/2020
1623,97,2020,8,4,8/4/2020
1624,90,2020,8,5,8/5/2020
1625,110,2020,8,6,8/6/2020
1626,98,2020,8,7,8/7/2020
1627,40,2020,8,8,8/8/2020
1628,35,2020,8,9,8/9/2020
1629,79,2020,8,10,8/10/2020
1630,78,2020,8,11,8/11/2020
1631,104,2020,8,12,8/12/2020
1632,106,2020,8,13,8/13/2020
1633,108,2020,8,14,8/14/2020
1634,51,2020,8,15,8/15/2020
1635,31,2020,8,16,8/16/2020
1636,110,2020,8,17,8/17/2020
1637,95,2020,8,18,8/18/2020
1638,103,2020,8,19,8/19/2020
1639,88,2020,8,20,8/20/2020
1640,106,2020,8,21,8/21/2020
1641,34,2020,8,22,8/22/2020
1642,26,2020,8,23,8/23/2020
1643,77,2020,8,24,8/24/2020
1644,82,2020,8,25,8/25/2020
1645,99,2020,8,26,8/26/2020
1646,101,2020,8,27,8/27/2020
1647,103,2020,8,28,8/28/2020
1648,34,2020,8,29,8/29/2020
1649,36,2020,8,30,8/30/2020
1650,99,2020,8,31,8/31/2020
1651,87,2020,9,1,9/1/2020
1652,118,2020,9,2,9/2/2020
1653,116,2020,9,3,9/3/2020
1654,109,2020,9,4,9/4/2020
1655,39,2020,9,5,9/5/2020
1656,45,2020,9,6,9/6/2020
1657,77,2020,9,7,9/7/2020
1658,112,2020,9,8,9/8/2020
1659,124,2020,9,9,9/9/2020
1660,194,2020,9,10,9/10/2020
1661,220,2020,9,11,9/11/2020
1662,143,2020,9,12,9/12/2020
1663,116,2020,9,13,9/13/2020
1664,202,2020,9,14,9/14/2020
1665,220,2020,9,15,9/15/2020
1666,201,2020,9,16,9/16/2020
1667,254,2020,9,17,9/17/2020
1668,273,2020,9,18,9/18/2020
1669,170,2020,9,19,9/19/2020
1670,115,2020,9,20,9/20/2020
1671,244,2020,9,21,9/21/2020
1672,248,2020,9,22,9/22/2020
1673,265,2020,9,23,9/23/2020
1674,274,2020,9,24,9/24/2020
1675,333,2020,9,25,9/25/2020
1676,203,2020,9,26,9/26/2020
1677,161,2020,9,27,9/27/2020
1678,319,2020,9,28,9/28/2020
1679,251,2020,9,29,9/29/2020
1680,281,2020,9,30,9/30/2020
1681,247,2020,10,1,10/1/2020
1682,258,2020,10,2,10/2/2020
1683,177,2020,10,3,10/3/2020
1684,100,2020,10,4,10/4/2020
1685,201,2020,10,5,10/5/2020
1686,150,2020,10,6,10/6/2020
1687,195,2020,10,7,10/7/2020
1688,209,2020,10,8,10/8/2020
1689,252,2020,10,9,10/9/2020
1690,162,2020,10,10,10/10/2020
1691,157,2020,10,11,10/11/2020
1692,266,2020,10,12,10/12/2020
1693,258,2020,10,13,10/13/2020
1694,273,2020,10,14,10/14/2020
1695,275,2020,10,15,10/15/2020
1696,345,2020,10,16,10/16/2020
1697,244,2020,10,17,10/17/2020
1698,159,2020,10,18,10/18/2020
1699,317,2020,10,19,10/19/2020
1700,398,2020,10,20,10/20/2020
1701,357,2020,10,21,10/21/2020
1702,356,2020,10,22,10/22/2020
1703,303,2020,10,23,10/23/2020
1704,255,2020,10,24,10/24/2020
1705,240,2020,10,25,10/25/2020
1706,363,2020,10,26,10/26/2020
1707,323,2020,10,27,10/27/2020
1708,351,2020,10,28,10/28/2020
1709,471,2020,10,29,10/29/2020
1710,541,2020,10,30,10/30/2020
1711,342,2020,10,31,10/31/2020
1712,270,2020,11,1,11/1/2020
1713,367,2020,11,2,11/2/2020
1714,416,2020,11,3,11/3/2020
1715,355,2020,11,4,11/4/2020
1716,348,2020,11,5,11/5/2020
1717,367,2020,11,6,11/6/2020
1718,346,2020,11,7,11/7/2020
1719,295,2020,11,8,11/8/2020
1720,384,2020,11,9,11/9/2020
1721,445,2020,11,10,11/10/2020
1722,474,2020,11,11,11/11/2020
1723,453,2020,11,12,11/12/2020
1724,471,2020,11,13,11/13/2020
1725,346,2020,11,14,11/14/2020
1726,278,2020,11,15,11/15/2020
1727,365,2020,11,16,11/16/2020
1728,369,2020,11,17,11/17/2020
1729,440,2020,11,18,11/18/2020
1730,408,2020,11,19,11/19/2020
1731,496,2020,11,20,11/20/2020
1732,353,2020,11,21,11/21/2020
1733,241,2020,11,22,11/22/2020
1734,425,2020,11,23,11/23/2020
1735,450,2020,11,24,11/24/2020
1736,480,2020,11,25,11/25/2020
1737,331,2020,11,26,11/26/2020
1738,256,2020,11,27,11/27/2020
1739,241,2020,11,28,11/28/2020
1740,274,2020,11,29,11/29/2020
1741,420,2020,11,30,11/30/2020
1742,459,2020,12,1,12/1/2020
1743,388,2020,12,2,12/2/2020
1744,359,2020,12,3,12/3/2020
1745,95,2020,12,4,12/4/2020
1746,4,2020,12,5,12/5/2020
1747,177,2020,12,6,12/6/2020
1748,407,2020,12,7,12/7/2020
1749,463,2020,12,8,12/8/2020
1750,440,2020,12,9,12/9/2020
1751,464,2020,12,10,12/10/2020
1752,470,2020,12,11,12/11/2020
1753,375,2020,12,12,12/12/2020
1754,309,2020,12,13,12/13/2020
1755,402,2020,12,14,12/14/2020
1756,338,2020,12,15,12/15/2020
1757,455,2020,12,16,12/16/2020
1758,478,2020,12,17,12/17/2020
1759,468,2020,12,18,12/18/2020
1760,333,2020,12,19,12/19/2020
1761,265,2020,12,20,12/20/2020
1762,382,2020,12,21,12/21/2020
1763,425,2020,12,22,12/22/2020
1764,499,2020,12,23,12/23/2020
1765,494,2020,12,24,12/24/2020
1766,283,2020,12,25,12/25/2020
1767,254,2020,12,26,12/26/2020
1768,253,2020,12,27,12/27/2020
1769,423,2020,12,28,12/28/2020
1770,407,2020,12,29,12/29/2020
1771,464,2020,12,30,12/30/2020
1772,490,2020,12,31,12/31/2020
1773,274,2021,1,1,1/1/2021
1774,224,2021,1,2,1/2/2021
1775,207,2021,1,3,1/3/2021
1776,322,2021,1,4,1/4/2021
1777,290,2021,1,5,1/5/2021
1778,293,2021,1,6,1/6/2021
1779,288,2021,1,7,1/7/2021
1780,317,2021,1,8,1/8/2021
1781,221,2021,1,9,1/9/2021
1782,161,2021,1,10,1/10/2021
1783,270,2021,1,11,1/11/2021
1784,283,2021,1,12,1/12/2021
1785,315,2021,1,13,1/13/2021
1786,367,2021,1,14,1/14/2021
1787,396,2021,1,15,1/15/2021
1788,277,2021,1,16,1/16/2021
1789,202,2021,1,17,1/17/2021
1790,305,2021,1,18,1/18/2021
1791,340,2021,1,19,1/19/2021
1792,327,2021,1,20,1/20/2021
1793,394,2021,1,21,1/21/2021
1794,425,2021,1,22,1/22/2021
1795,337,2021,1,23,1/23/2021
1796,300,2021,1,24,1/24/2021
1797,402,2021,1,25,1/25/2021
1798,472,2021,1,26,1/26/2021
1799,354,2021,1,27,1/27/2021
1800,441,2021,1,28,1/28/2021
1801,467,2021,1,29,1/29/2021
1802,300,2021,1,30,1/30/2021
1803,297,2021,1,31,1/31/2021
1804,416,2021,2,1,2/1/2021
1805,377,2021,2,2,2/2/2021
1806,379,2021,2,3,2/3/2021
1807,431,2021,2,4,2/4/2021
1808,458,2021,2,5,2/5/2021
1809,360,2021,2,6,2/6/2021
1810,282,2021,2,7,2/7/2021
1811,421,2021,2,8,2/8/2021
1812,442,2021,2,9,2/9/2021
1813,375,2021,2,10,2/10/2021
1814,590,2021,2,11,2/11/2021
1815,613,2021,2,12,2/12/2021
1816,371,2021,2,13,2/13/2021
1817,320,2021,2,14,2/14/2021
1818,421,2021,2,15,2/15/2021
1819,470,2021,2,16,2/16/2021
1820,449,2021,2,17,2/17/2021
1821,573,2021,2,18,2/18/2021
1822,492,2021,2,19,2/19/2021
1823,304,2021,2,20,2/20/2021
1824,260,2021,2,21,2/21/2021
1825,416,2021,2,22,2/22/2021
1826,249,2021,2,23,2/23/2021
1827,198,2021,2,24,2/24/2021
1828,168,2021,2,25,2/25/2021
1829,178,2021,2,26,2/26/2021
1830,134,2021,2,27,2/27/2021
1831,123,2021,2,28,2/28/2021
1832,226,2021,3,1,3/1/2021
1833,214,2021,3,2,3/2/2021
1834,232,2021,3,3,3/3/2021
1835,247,2021,3,4,3/4/2021
1836,243,2021,3,5,3/5/2021
1837,163,2021,3,6,3/6/2021
1838,96,2021,3,7,3/7/2021
1839,236,2021,3,8,3/8/2021
1840,199,2021,3,9,3/9/2021
1841,224,2021,3,10,3/10/2021
1842,192,2021,3,11,3/11/2021
1843,226,2021,3,12,3/12/2021
1844,115,2021,3,13,3/13/2021
1845,86,2021,3,14,3/14/2021
1846,216,2021,3,15,3/15/2021
1847,163,2021,3,16,3/16/2021
1848,207,2021,3,17,3/17/2021
1849,231,2021,3,18,3/18/2021
1850,224,2021,3,19,3/19/2021
1851,155,2021,3,20,3/20/2021
1852,94,2021,3,21,3/21/2021
1853,216,2021,3,22,3/22/2021
1854,201,2021,3,23,3/23/2021
1855,214,2021,3,24,3/24/2021
1856,187,2021,3,25,3/25/2021
1857,202,2021,3,26,3/26/2021
1858,129,2021,3,27,3/27/2021
1859,84,2021,3,28,3/28/2021
1860,203,2021,3,29,3/29/2021
1861,204,2021,3,30,3/30/2021
1862,227,2021,3,31,3/31/2021
1863,182,2021,4,1,4/1/2021
1864,275,2021,4,2,4/2/2021
1865,164,2021,4,3,4/3/2021
1866,107,2021,4,4,4/4/2021
1867,237,2021,4,5,4/5/2021
1868,242,2021,4,6,4/6/2021
1869,204,2021,4,7,4/7/2021
1870,251,2021,4,8,4/8/2021
1871,305,2021,4,9,4/9/2021
1872,184,2021,4,10,4/10/2021
1873,132,2021,4,11,4/11/2021
1874,221,2021,4,12,4/12/2021
1875,210,2021,4,13,4/13/2021
1876,197,2021,4,14,4/14/2021
1877,248,2021,4,15,4/15/2021
1878,239,2021,4,16,4/16/2021
1879,159,2021,4,17,4/17/2021
1880,122,2021,4,18,4/18/2021
1881,248,2021,4,19,4/19/2021
1882,244,2021,4,20,4/20/2021
1883,203,2021,4,21,4/21/2021
1884,228,2021,4,22,4/22/2021
1885,261,2021,4,23,4/23/2021
1886,138,2021,4,24,4/24/2021
1887,117,2021,4,25,4/25/2021
1888,185,2021,4,26,4/26/2021
1889,224,2021,4,27,4/27/2021
1890,222,2021,4,28,4/28/2021
1891,13,2021,4,29,4/29/2021
1892,288,2021,4,30,4/30/2021
1893,164,2021,5,1,5/1/2021
1894,133,2021,5,2,5/2/2021
1895,271,2021,5,3,5/3/2021
1896,267,2021,5,4,5/4/2021
1897,281,2021,5,5,5/5/2021
1898,287,2021,5,6,5/6/2021
1899,312,2021,5,7,5/7/2021
1900,189,2021,5,8,5/8/2021
1901,123,2021,5,9,5/9/2021
1902,230,2021,5,10,5/10/2021
1903,206,2021,5,11,5/11/2021
1904,159,2021,5,12,5/12/2021
1905,168,2021,5,13,5/13/2021
1906,198,2021,5,14,5/14/2021
1907,97,2021,5,15,5/15/2021
1908,83,2021,5,16,5/16/2021
1909,160,2021,5,17,5/17/2021
1910,202,2021,5,18,5/18/2021
1911,243,2021,5,19,5/19/2021
1912,260,2021,5,20,5/20/2021
1913,313,2021,5,21,5/21/2021
1914,198,2021,5,22,5/22/2021
1915,154,2021,5,23,5/23/2021
1916,276,2021,5,24,5/24/2021
1917,252,2021,5,25,5/25/2021
1918,315,2021,5,26,5/26/2021
1919,265,2021,5,27,5/27/2021
1920,333,2021,5,28,5/28/2021
1921,169,2021,5,29,5/29/2021
1922,150,2021,5,30,5/30/2021
1923,213,2021,5,31,5/31/2021
1924,275,2021,6,1,6/1/2021
1925,303,2021,6,2,6/2/2021
1926,306,2021,6,3,6/3/2021
1927,344,2021,6,4,6/4/2021
1928,175,2021,6,5,6/5/2021
1929,156,2021,6,6,6/6/2021
1930,272,2021,6,7,6/7/2021
1931,275,2021,6,8,6/8/2021
1932,292,2021,6,9,6/9/2021
1933,303,2021,6,10,6/10/2021
1934,309,2021,6,11,6/11/2021
1935,209,2021,6,12,6/12/2021
1936,198,2021,6,13,6/13/2021
1937,295,2021,6,14,6/14/2021
1938,322,2021,6,15,6/15/2021
1939,353,2021,6,16,6/16/2021
1940,340,2021,6,17,6/17/2021
1941,416,2021,6,18,6/18/2021
1942,210,2021,6,19,6/19/2021
1943,174,2021,6,20,6/20/2021
1944,282,2021,6,21,6/21/2021
1945,319,2021,6,22,6/22/2021
1946,322,2021,6,23,6/23/2021
1947,277,2021,6,24,6/24/2021
1948,384,2021,6,25,6/25/2021
1949,248,2021,6,26,6/26/2021
1950,173,2021,6,27,6/27/2021
1951,292,2021,6,28,6/28/2021
1952,332,2021,6,29,6/29/2021
1953,331,2021,6,30,6/30/2021
1954,372,2021,7,1,7/1/2021
1955,414,2021,7,2,7/2/2021
1956,199,2021,7,3,7/3/2021
1957,158,2021,7,4,7/4/2021
1958,233,2021,7,5,7/5/2021
1959,306,2021,7,6,7/6/2021
1960,320,2021,7,7,7/7/2021
1961,297,2021,7,8,7/8/2021
1962,343,2021,7,9,7/9/2021
1963,171,2021,7,10,7/10/2021
1964,156,2021,7,11,7/11/2021
1965,287,2021,7,12,7/12/2021
1966,76,2021,7,13,7/13/2021
1967,45,2021,7,16,7/16/2021
1968,224,2021,7,17,7/17/2021
1969,153,2021,7,18,7/18/2021
1970,275,2021,7,19,7/19/2021
1971,253,2021,7,20,7/20/2021
1972,301,2021,7,21,7/21/2021
1973,326,2021,7,22,7/22/2021
1974,331,2021,7,23,7/23/2021
1975,183,2021,7,24,7/24/2021
1976,149,2021,7,25,7/25/2021
1977,330,2021,7,26,7/26/2021
1978,251,2021,7,27,7/27/2021
1979,264,2021,7,28,7/28/2021
1980,328,2021,7,29,7/29/2021
1981,364,2021,7,30,7/30/2021
1982,200,2021,7,31,7/31/2021
1983,154,2021,8,1,8/1/2021
1984,307,2021,8,2,8/2/2021
1985,313,2021,8,3,8/3/2021
1986,247,2021,8,4,8/4/2021
1987,344,2021,8,5,8/5/2021
1988,343,2021,8,6,8/6/2021
1989,227,2021,8,7,8/7/2021
1990,124,2021,8,8,8/8/2021
1991,1,2021,8,9,8/9/2021
1992,221,2021,8,10,8/10/2021
1993,315,2021,8,11,8/11/2021
1994,361,2021,8,12,8/12/2021
1995,317,2021,8,13,8/13/2021
1996,207,2021,8,14,8/14/2021
1997,153,2021,8,15,8/15/2021
1998,297,2021,8,16,8/16/2021
1999,3,2021,8,17,8/17/2021
2000,221,2021,8,18,8/18/2021
2001,368,2021,8,19,8/19/2021
2002,357,2021,8,20,8/20/2021
2003,214,2021,8,21,8/21/2021
2004,156,2021,8,22,8/22/2021
2005,326,2021,8,23,8/23/2021
2006,325,2021,8,24,8/24/2021
2007,337,2021,8,25,8/25/2021
2008,305,2021,8,26,8/26/2021
2009,364,2021,8,27,8/27/2021
2010,171,2021,8,28,8/28/2021
2011,112,2021,8,29,8/29/2021
2012,338,2021,8,30,8/30/2021
2013,330,2021,8,31,8/31/2021
2014,359,2021,9,1,9/1/2021
2015,256,2021,9,2,9/2/2021
2016,83,2021,9,3,9/3/2021
2017,194,2021,9,4,9/4/2021
2018,152,2021,9,5,9/5/2021
2019,180,2021,9,6,9/6/2021
2020,317,2021,9,7,9/7/2021
2021,410,2021,9,8,9/8/2021
2022,398,2021,9,9,9/9/2021
2023,396,2021,9,10,9/10/2021
2024,181,2021,9,11,9/11/2021
2025,147,2021,9,12,9/12/2021
2026,311,2021,9,13,9/13/2021
2027,301,2021,9,14,9/14/2021
2028,413,2021,9,15,9/15/2021
2029,352,2021,9,16,9/16/2021
2030,389,2021,9,17,9/17/2021
2031,202,2021,9,18,9/18/2021
2032,157,2021,9,19,9/19/2021
2033,348,2021,9,20,9/20/2021
2034,315,2021,9,21,9/21/2021
2035,357,2021,9,22,9/22/2021
2036,378,2021,9,23,9/23/2021
2037,436,2021,9,24,9/24/2021
2038,222,2021,9,25,9/25/2021
2039,185,2021,9,26,9/26/2021
2040,331,2021,9,27,9/27/2021
2041,366,2021,9,28,9/28/2021
2042,352,2021,9,29,9/29/2021
2043,289,2021,9,30,9/30/2021
2044,1,2021,10,3,10/3/2021
2045,204,2021,10,4,10/4/2021
2046,349,2021,10,5,10/5/2021
2047,369,2021,10,6,10/6/2021
2048,399,2021,10,7,10/7/2021
2049,420,2021,10,8,10/8/2021
2050,190,2021,10,9,10/9/2021
2051,148,2021,10,10,10/10/2021
2052,270,2021,10,11,10/11/2021
2053,277,2021,10,12,10/12/2021
2054,339,2021,10,13,10/13/2021
2055,409,2021,10,14,10/14/2021
2056,488,2021,10,15,10/15/2021
2057,217,2021,10,16,10/16/2021
2058,169,2021,10,17,10/17/2021
2059,301,2021,10,18,10/18/2021
2060,335,2021,10,19,10/19/2021
2061,385,2021,10,20,10/20/2021
2062,386,2021,10,21,10/21/2021
2063,455,2021,10,22,10/22/2021
2064,218,2021,10,23,10/23/2021
2065,227,2021,10,24,10/24/2021
2066,388,2021,10,25,10/25/2021
2067,384,2021,10,26,10/26/2021
2068,432,2021,10,27,10/27/2021
2069,300,2021,10,28,10/28/2021
2070,393,2021,10,29,10/29/2021
2071,240,2021,10,30,10/30/2021
2072,110,2021,10,31,10/31/2021
2073,253,2021,11,1,11/1/2021
2074,338,2021,11,2,11/2/2021
2075,457,2021,11,3,11/3/2021
2076,411,2021,11,4,11/4/2021
2077,435,2021,11,5,11/5/2021
2078,256,2021,11,6,11/6/2021
2079,165,2021,11,7,11/7/2021
2080,348,2021,11,8,11/8/2021
2081,367,2021,11,9,11/9/2021
2082,376,2021,11,10,11/10/2021
2083,372,2021,11,11,11/11/2021
2084,499,2021,11,12,11/12/2021
2085,263,2021,11,13,11/13/2021
2086,160,2021,11,14,11/14/2021
2087,433,2021,11,15,11/15/2021
2088,401,2021,11,16,11/16/2021
2089,418,2021,11,17,11/17/2021
2090,433,2021,11,18,11/18/2021
2091,532,2021,11,19,11/19/2021
2092,240,2021,11,20,11/20/2021
2093,183,2021,11,21,11/21/2021
2094,363,2021,11,22,11/22/2021
2095,384,2021,11,23,11/23/2021
2096,405,2021,11,24,11/24/2021
2097,171,2021,11,25,11/25/2021
2098,219,2021,11,26,11/26/2021
2099,234,2021,11,27,11/27/2021
2100,226,2021,11,28,11/28/2021
2101,373,2021,11,29,11/29/2021
2102,380,2021,11,30,11/30/2021
2103,376,2021,12,1,12/1/2021
2104,397,2021,12,2,12/2/2021
2105,557,2021,12,3,12/3/2021
2106,270,2021,12,4,12/4/2021
2107,189,2021,12,5,12/5/2021
2108,467,2021,12,6,12/6/2021
2109,492,2021,12,7,12/7/2021
2110,456,2021,12,8,12/8/2021
2111,455,2021,12,9,12/9/2021
2112,562,2021,12,10,12/10/2021
2113,305,2021,12,11,12/11/2021
2114,216,2021,12,12,12/12/2021
2115,391,2021,12,13,12/13/2021
2116,461,2021,12,14,12/14/2021
2117,462,2021,12,15,12/15/2021
2118,474,2021,12,16,12/16/2021
2119,527,2021,12,17,12/17/2021
2120,314,2021,12,18,12/18/2021
2121,178,2021,12,19,12/19/2021
2122,372,2021,12,20,12/20/2021
2123,374,2021,12,21,12/21/2021
2124,423,2021,12,22,12/22/2021
2125,498,2021,12,23,12/23/2021
2126,302,2021,12,24,12/24/2021
2127,137,2021,12,25,12/25/2021
2128,260,2021,12,26,12/26/2021
2129,332,2021,12,27,12/27/2021
2130,322,2021,12,28,12/28/2021
2131,323,2021,12,29,12/29/2021
2132,477,2021,12,30,12/30/2021
2133,327,2021,12,31,12/31/2021
2134,216,2022,1,1,1/1/2022
2135,175,2022,1,2,1/2/2022
2136,392,2022,1,3,1/3/2022
2137,331,2022,1,4,1/4/2022
2138,211,2022,1,5,1/5/2022
2139,2,2022,1,6,1/6/2022
2140,174,2022,1,8,1/8/2022
2141,164,2022,1,9,1/9/2022
2142,281,2022,1,10,1/10/2022
2143,306,2022,1,11,1/11/2022
2144,346,2022,1,12,1/12/2022
2145,385,2022,1,13,1/13/2022
2146,463,2022,1,14,1/14/2022
2147,269,2022,1,15,1/15/2022
2148,277,2022,1,16,1/16/2022
2149,288,2022,1,17,1/17/2022
2150,329,2022,1,18,1/18/2022
2151,342,2022,1,19,1/19/2022
2152,391,2022,1,20,1/20/2022
2153,377,2022,1,21,1/21/2022
2154,226,2022,1,22,1/22/2022
2155,217,2022,1,23,1/23/2022
2156,350,2022,1,24,1/24/2022
2157,380,2022,1,25,1/25/2022
2158,382,2022,1,26,1/26/2022
2159,400,2022,1,27,1/27/2022
2160,409,2022,1,28,1/28/2022
2161,223,2022,1,29,1/29/2022
2162,162,2022,1,30,1/30/2022
2163,345,2022,1,31,1/31/2022
2164,429,2022,2,1,2/1/2022
2165,495,2022,2,2,2/2/2022
2166,500,2022,2,3,2/3/2022
2167,501,2022,2,4,2/4/2022
2168,286,2022,2,5,2/5/2022
2169,183,2022,2,6,2/6/2022
2170,326,2022,2,7,2/7/2022
2171,397,2022,2,8,2/8/2022
2172,419,2022,2,9,2/9/2022
2173,439,2022,2,10,2/10/2022
2174,504,2022,2,11,2/11/2022
2175,313,2022,2,12,2/12/2022
2176,207,2022,2,13,2/13/2022
2177,424,2022,2,14,2/14/2022
2178,392,2022,2,15,2/15/2022
2179,400,2022,2,16,2/16/2022
2180,448,2022,2,17,2/17/2022
2181,518,2022,2,18,2/18/2022
2182,276,2022,2,19,2/19/2022
2183,216,2022,2,20,2/20/2022
2184,296,2022,2,21,2/21/2022
2185,402,2022,2,22,2/22/2022
2186,475,2022,2,23,2/23/2022
2187,431,2022,2,24,2/24/2022
2188,573,2022,2,25,2/25/2022
2189,232,2022,2,26,2/26/2022
2190,194,2022,2,27,2/27/2022
2191,350,2022,2,28,2/28/2022
2192,338,2022,3,1,3/1/2022
2193,391,2022,3,2,3/2/2022
2194,319,2022,3,3,3/3/2022
2195,499,2022,3,4,3/4/2022
2196,265,2022,3,5,3/5/2022
2197,237,2022,3,6,3/6/2022
2198,388,2022,3,7,3/7/2022
2199,393,2022,3,8,3/8/2022
2200,497,2022,3,9,3/9/2022
2201,515,2022,3,10,3/10/2022
2202,510,2022,3,11,3/11/2022
2203,391,2022,3,12,3/12/2022
2204,208,2022,3,13,3/13/2022
2205,370,2022,3,14,3/14/2022
2206,445,2022,3,15,3/15/2022
2207,347,2022,3,16,3/16/2022
2208,423,2022,3,17,3/17/2022
2209,509,2022,3,18,3/18/2022
2210,298,2022,3,19,3/19/2022
2211,224,2022,3,20,3/20/2022
2212,413,2022,3,21,3/21/2022
2213,387,2022,3,22,3/22/2022
2214,410,2022,3,23,3/23/2022
2215,311,2022,3,24,3/24/2022
2216,22,2022,3,31,3/31/2022
2217,547,2022,4,1,4/1/2022
2218,279,2022,4,2,4/2/2022
2219,191,2022,4,3,4/3/2022
2220,425,2022,4,4,4/4/2022
2221,439,2022,4,5,4/5/2022
2222,470,2022,4,6,4/6/2022
2223,447,2022,4,7,4/7/2022
2224,522,2022,4,8,4/8/2022
2225,329,2022,4,9,4/9/2022
2226,253,2022,4,10,4/10/2022
2227,450,2022,4,11,4/11/2022
2228,485,2022,4,12,4/12/2022
2229,522,2022,4,13,4/13/2022
2230,477,2022,4,14,4/14/2022
2231,491,2022,4,15,4/15/2022
2232,261,2022,4,16,4/16/2022
2233,204,2022,4,17,4/17/2022
2234,458,2022,4,18,4/18/2022
2235,515,2022,4,19,4/19/2022
2236,500,2022,4,20,4/20/2022
2237,494,2022,4,21,4/21/2022
2238,542,2022,4,22,4/22/2022
2239,368,2022,4,23,4/23/2022
2240,236,2022,4,24,4/24/2022
2241,476,2022,4,25,4/25/2022
2242,418,2022,4,26,4/26/2022
2243,462,2022,4,27,4/27/2022
2244,496,2022,4,28,4/28/2022
2245,575,2022,4,29,4/29/2022
2246,342,2022,4,30,4/30/2022
2247,270,2022,5,1,5/1/2022
2248,509,2022,5,2,5/2/2022
2249,544,2022,5,3,5/3/2022
2250,550,2022,5,4,5/4/2022
2251,424,2022,5,5,5/5/2022
2252,1,2022,5,6,5/6/2022
2253,1,2022,5,9,5/9/2022
2254,12,2022,5,10,5/10/2022
2255,461,2022,5,11,5/11/2022
2256,468,2022,5,12,5/12/2022
2257,533,2022,5,13,5/13/2022
2258,358,2022,5,14,5/14/2022
2259,226,2022,5,15,5/15/2022
2260,460,2022,5,16,5/16/2022
2261,463,2022,5,17,5/17/2022
2262,439,2022,5,18,5/18/2022
2263,430,2022,5,19,5/19/2022
2264,490,2022,5,20,5/20/2022
2265,285,2022,5,21,5/21/2022
2266,213,2022,5,22,5/22/2022
2267,422,2022,5,23,5/23/2022
2268,382,2022,5,24,5/24/2022
2269,403,2022,5,25,5/25/2022
2270,411,2022,5,26,5/26/2022
2271,487,2022,5,27,5/27/2022
2272,238,2022,5,28,5/28/2022
2273,209,2022,5,29,5/29/2022
2274,194,2022,5,30,5/30/2022
2275,447,2022,5,31,5/31/2022
2276,459,2022,6,1,6/1/2022
2277,335,2022,6,2,6/2/2022
2278,65,2022,6,5,6/5/2022
2279,439,2022,6,6,6/6/2022
2280,306,2022,6,7,6/7/2022
2281,323,2022,6,8,6/8/2022
2282,356,2022,6,9,6/9/2022
2283,378,2022,6,10,6/10/2022
2284,231,2022,6,11,6/11/2022
2285,195,2022,6,12,6/12/2022
2286,280,2022,6,13,6/13/2022
2287,254,2022,6,14,6/14/2022
2288,319,2022,6,15,6/15/2022
2289,338,2022,6,16,6/16/2022
2290,402,2022,6,17,6/17/2022
2291,226,2022,6,18,6/18/2022
2292,206,2022,6,19,6/19/2022
2293,280,2022,6,20,6/20/2022
2294,323,2022,6,21,6/21/2022
2295,316,2022,6,22,6/22/2022
2296,316,2022,6,23,6/23/2022
2297,327,2022,6,24,6/24/2022
2298,217,2022,6,25,6/25/2022
2299,197,2022,6,26,6/26/2022
2300,264,2022,6,27,6/27/2022
2301,270,2022,6,28,6/28/2022
2302,319,2022,6,29,6/29/2022
2303,308,2022,6,30,6/30/2022
2304,368,2022,7,1,7/1/2022
2305,214,2022,7,2,7/2/2022
2306,152,2022,7,3,7/3/2022
2307,206,2022,7,4,7/4/2022
2308,308,2022,7,5,7/5/2022
2309,325,2022,7,6,7/6/2022
2310,330,2022,7,7,7/7/2022
2311,345,2022,7,8,7/8/2022
2312,248,2022,7,9,7/9/2022
2313,224,2022,7,10,7/10/2022
2314,301,2022,7,11,7/11/2022
2315,314,2022,7,12,7/12/2022
2316,322,2022,7,13,7/13/2022
2317,378,2022,7,14,7/14/2022
2318,380,2022,7,15,7/15/2022
2319,303,2022,7,16,7/16/2022
2320,223,2022,7,17,7/17/2022
2321,354,2022,7,18,7/18/2022
2322,322,2022,7,19,7/19/2022
2323,332,2022,7,20,7/20/2022
2324,369,2022,7,21,7/21/2022
2325,397,2022,7,22,7/22/2022
2326,273,2022,7,23,7/23/2022
2327,218,2022,7,24,7/24/2022
2328,276,2022,7,25,7/25/2022
2329,318,2022,7,26,7/26/2022
2330,315,2022,7,27,7/27/2022
2331,318,2022,7,28,7/28/2022
2332,352,2022,7,29,7/29/2022
2333,241,2022,7,30,7/30/2022
2334,223,2022,7,31,7/31/2022
2335,315,2022,8,1,8/1/2022
2336,295,2022,8,2,8/2/2022
2337,343,2022,8,3,8/3/2022
2338,327,2022,8,4,8/4/2022
2339,317,2022,8,5,8/5/2022
2340,235,2022,8,6,8/6/2022
2341,216,2022,8,7,8/7/2022
2342,329,2022,8,8,8/8/2022
2343,380,2022,8,9,8/9/2022
2344,337,2022,8,10,8/10/2022
2345,400,2022,8,11,8/11/2022
2346,387,2022,8,12,8/12/2022
2347,277,2022,8,13,8/13/2022
2348,205,2022,8,14,8/14/2022
2349,158,2022,8,15,8/15/2022
2350,309,2022,8,16,8/16/2022
2351,349,2022,8,17,8/17/2022
2352,381,2022,8,18,8/18/2022
2353,397,2022,8,19,8/19/2022
2354,255,2022,8,20,8/20/2022
2355,226,2022,8,21,8/21/2022
2356,351,2022,8,22,8/22/2022
2357,351,2022,8,23,8/23/2022
2358,309,2022,8,24,8/24/2022
2359,391,2022,8,25,8/25/2022
2360,373,2022,8,26,8/26/2022
2361,249,2022,8,27,8/27/2022
2362,236,2022,8,28,8/28/2022
2363,297,2022,8,29,8/29/2022
2364,363,2022,8,30,8/30/2022
2365,338,2022,8,31,8/31/2022
2366,370,2022,9,1,9/1/2022
2367,381,2022,9,2,9/2/2022
2368,231,2022,9,3,9/3/2022
2369,181,2022,9,4,9/4/2022
2370,241,2022,9,5,9/5/2022
2371,427,2022,9,6,9/6/2022
2372,377,2022,9,7,9/7/2022
2373,258,2022,9,8,9/8/2022
2374,183,2022,9,9,9/9/2022
2375,231,2022,9,10,9/10/2022
2376,205,2022,9,11,9/11/2022
2377,263,2022,9,12,9/12/2022
2378,294,2022,9,13,9/13/2022
2379,339,2022,9,14,9/14/2022
2380,310,2022,9,15,9/15/2022
2381,356,2022,9,16,9/16/2022
2382,254,2022,9,17,9/17/2022
2383,209,2022,9,18,9/18/2022
2384,321,2022,9,19,9/19/2022
2385,361,2022,9,20,9/20/2022
2386,303,2022,9,21,9/21/2022
2387,364,2022,9,22,9/22/2022
2388,422,2022,9,23,9/23/2022
2389,274,2022,9,24,9/24/2022
2390,203,2022,9,25,9/25/2022
2391,298,2022,9,26,9/26/2022
2392,285,2022,9,27,9/27/2022
2393,266,2022,9,28,9/28/2022
2394,308,2022,9,29,9/29/2022
2395,352,2022,9,30,9/30/2022
2396,226,2022,10,1,10/1/2022
2397,227,2022,10,2,10/2/2022
2398,285,2022,10,3,10/3/2022
2399,351,2022,10,4,10/4/2022
2400,319,2022,10,5,10/5/2022
2401,383,2022,10,6,10/6/2022
2402,384,2022,10,7,10/7/2022
2403,272,2022,10,8,10/8/2022
2404,206,2022,10,9,10/9/2022
2405,294,2022,10,10,10/10/2022
2406,364,2022,10,11,10/11/2022
2407,406,2022,10,12,10/12/2022
2408,429,2022,10,13,10/13/2022
2409,500,2022,10,14,10/14/2022
2410,318,2022,10,15,10/15/2022
2411,274,2022,10,16,10/16/2022
2412,274,2022,10,17,10/17/2022
2413,1,2022,10,29,10/29/2022
2414,82,2022,10,31,10/31/2022
2415,350,2022,11,1,11/1/2022
2416,317,2022,11,2,11/2/2022
2417,356,2022,11,3,11/3/2022
2418,451,2022,11,4,11/4/2022
2419,286,2022,11,5,11/5/2022
2420,254,2022,11,6,11/6/2022
2421,410,2022,11,7,11/7/2022
2422,418,2022,11,8,11/8/2022
2423,385,2022,11,9,11/9/2022
2424,441,2022,11,10,11/10/2022
2425,442,2022,11,11,11/11/2022
2426,271,2022,11,12,11/12/2022
2427,225,2022,11,13,11/13/2022
2428,375,2022,11,14,11/14/2022
2429,405,2022,11,15,11/15/2022
2430,370,2022,11,16,11/16/2022
2431,475,2022,11,17,11/17/2022
2432,435,2022,11,18,11/18/2022
2433,262,2022,11,19,11/19/2022
2434,218,2022,11,20,11/20/2022
2435,309,2022,11,21,11/21/2022
2436,385,2022,11,22,11/22/2022
2437,377,2022,11,23,11/23/2022
2438,108,2022,11,24,11/24/2022
2439,81,2022,11,30,11/30/2022
2440,407,2022,12,1,12/1/2022
2441,409,2022,12,2,12/2/2022
2442,274,2022,12,3,12/3/2022
2443,259,2022,12,4,12/4/2022
2444,390,2022,12,5,12/5/2022
2445,380,2022,12,6,12/6/2022
2446,402,2022,12,7,12/7/2022
2447,394,2022,12,8,12/8/2022
2448,462,2022,12,9,12/9/2022
2449,361,2022,12,10,12/10/2022
2450,309,2022,12,11,12/11/2022
2451,372,2022,12,12,12/12/2022
2452,392,2022,12,13,12/13/2022
2453,464,2022,12,14,12/14/2022
2454,596,2022,12,15,12/15/2022
2455,529,2022,12,16,12/16/2022
2456,326,2022,12,17,12/17/2022
2457,221,2022,12,18,12/18/2022
2458,414,2022,12,19,12/19/2022
2459,458,2022,12,20,12/20/2022
2460,489,2022,12,21,12/21/2022
2461,592,2022,12,22,12/22/2022
2462,590,2022,12,23,12/23/2022
2463,336,2022,12,24,12/24/2022
2464,136,2022,12,25,12/25/2022
2465,255,2022,12,26,12/26/2022
2466,393,2022,12,27,12/27/2022
2467,342,2022,12,28,12/28/2022
2468,365,2022,12,29,12/29/2022
2469,433,2022,12,30,12/30/2022
2470,369,2022,12,31,12/31/2022
2471,298,2023,1,1,1/1/2023
2472,271,2023,1,2,1/2/2023
2473,460,2023,1,3,1/3/2023
2474,481,2023,1,4,1/4/2023
2475,512,2023,1,5,1/5/2023
2476,304,2023,1,6,1/6/2023
2477,1,2023,1,7,1/7/2023
2478,54,2023,1,12,1/12/2023
2479,432,2023,1,13,1/13/2023
2480,374,2023,1,14,1/14/2023
2481,281,2023,1,15,1/15/2023
2482,376,2023,1,16,1/16/2023
2483,459,2023,1,17,1/17/2023
2484,447,2023,1,18,1/18/2023
2485,485,2023,1,19,1/19/2023
2486,474,2023,1,20,1/20/2023
2487,325,2023,1,21,1/21/2023
2488,347,2023,1,22,1/22/2023
2489,438,2023,1,23,1/23/2023
2490,466,2023,1,24,1/24/2023
2491,574,2023,1,25,1/25/2023
2492,410,2023,1,26,1/26/2023
2493,542,2023,1,27,1/27/2023
2494,397,2023,1,28,1/28/2023
2495,337,2023,1,29,1/29/2023
2496,496,2023,1,30,1/30/2023
2497,271,2023,1,31,1/31/2023
2498,154,2023,2,1,2/1/2023
2499,139,2023,2,2,2/2/2023
2500,155,2023,2,3,2/3/2023
2501,92,2023,2,4,2/4/2023
2502,91,2023,2,5,2/5/2023
2503,131,2023,2,6,2/6/2023
2504,140,2023,2,7,2/7/2023
2505,157,2023,2,8,2/8/2023
2506,186,2023,2,9,2/9/2023
2507,150,2023,2,10,2/10/2023
2508,110,2023,2,11,2/11/2023
2509,87,2023,2,12,2/12/2023
2510,149,2023,2,13,2/13/2023
2511,202,2023,2,14,2/14/2023
2512,166,2023,2,15,2/15/2023
2513,176,2023,2,16,2/16/2023
2514,122,2023,2,17,2/17/2023
2515,73,2023,2,20,2/20/2023
2516,161,2023,2,21,2/21/2023
2517,224,2023,2,22,2/22/2023
2518,243,2023,2,23,2/23/2023
2519,18,2023,2,25,2/25/2023
2520,125,2023,2,26,2/26/2023
2521,203,2023,2,27,2/27/2023
2522,101,2023,2,28,2/28/2023
2523,26,2023,3,18,3/18/2023
2524,101,2023,3,19,3/19/2023
2525,119,2023,3,20,3/20/2023
2526,196,2023,3,21,3/21/2023
2527,171,2023,3,22,3/22/2023
2528,150,2023,3,23,3/23/2023
2529,178,2023,3,24,3/24/2023
2530,127,2023,3,25,3/25/2023
2531,121,2023,3,26,3/26/2023
2532,144,2023,3,27,3/27/2023
2533,158,2023,3,28,3/28/2023
2534,150,2023,3,29,3/29/2023
2535,124,2023,3,30,3/30/2023
2536,132,2023,3,31,3/31/2023
